-- MariaDB dump 10.19  Distrib 10.5.11-MariaDB, for Linux (x86_64)
--
-- Host: localhost    Database: pompiers
-- ------------------------------------------------------
-- Server version	10.5.11-MariaDB

/*!40101 SET @OLD_CHARACTER_SET_CLIENT=@@CHARACTER_SET_CLIENT */;
/*!40101 SET @OLD_CHARACTER_SET_RESULTS=@@CHARACTER_SET_RESULTS */;
/*!40101 SET @OLD_COLLATION_CONNECTION=@@COLLATION_CONNECTION */;
/*!40101 SET NAMES utf8mb4 */;
/*!40103 SET @OLD_TIME_ZONE=@@TIME_ZONE */;
/*!40103 SET TIME_ZONE='+00:00' */;
/*!40014 SET @OLD_UNIQUE_CHECKS=@@UNIQUE_CHECKS, UNIQUE_CHECKS=0 */;
/*!40014 SET @OLD_FOREIGN_KEY_CHECKS=@@FOREIGN_KEY_CHECKS, FOREIGN_KEY_CHECKS=0 */;
/*!40101 SET @OLD_SQL_MODE=@@SQL_MODE, SQL_MODE='NO_AUTO_VALUE_ON_ZERO' */;
/*!40111 SET @OLD_SQL_NOTES=@@SQL_NOTES, SQL_NOTES=0 */;

--
-- base structure
--

DROP DATABASE IF EXISTS `pompiers`;
CREATE DATABASE pompiers CHARACTER SET utf8mb4 COLLATE utf8mb4_unicode_ci;

USE pompiers;

--
-- user structure
--
CREATE USER 'pompiers_db'@'%';
ALTER USER 'pompiers_db'@'%' IDENTIFIED BY '123456';


GRANT Alter ON pompiers.* TO 'pompiers_db'@'%';
GRANT Create ON pompiers.* TO 'pompiers_db'@'%';
GRANT Create view ON pompiers.* TO 'pompiers_db'@'%';
GRANT Delete ON pompiers.* TO 'pompiers_db'@'%';
GRANT Delete history ON pompiers.* TO 'pompiers_db'@'%';
GRANT Drop ON pompiers.* TO 'pompiers_db'@'%';
GRANT Grant option ON pompiers.* TO 'pompiers_db'@'%';
GRANT Index ON pompiers.* TO 'pompiers_db'@'%';
GRANT Insert ON pompiers.* TO 'pompiers_db'@'%';
GRANT References ON pompiers.* TO 'pompiers_db'@'%';
GRANT Select ON pompiers.* TO 'pompiers_db'@'%';
GRANT Show view ON pompiers.* TO 'pompiers_db'@'%';
GRANT Trigger ON pompiers.* TO 'pompiers_db'@'%';
GRANT Update ON pompiers.* TO 'pompiers_db'@'%';



--
-- Table structure for table `casernes`
--

DROP TABLE IF EXISTS `casernes`;
/*!40101 SET @saved_cs_client     = @@character_set_client */;
/*!40101 SET character_set_client = utf8 */;
CREATE TABLE `casernes` (
  `NumCaserne` int(11) NOT NULL,
  `Adresse` varchar(30) DEFAULT NULL,
  `CP` varchar(5) DEFAULT NULL,
  `Ville` varchar(10) DEFAULT NULL,
  `CodeTypeC` int(11) DEFAULT NULL,
  PRIMARY KEY (`NumCaserne`),
  KEY `FK_typeC` (`CodeTypeC`),
  CONSTRAINT `FK_typeC` FOREIGN KEY (`CodeTypeC`) REFERENCES `typecasernes` (`CodeTypeC`)
) ENGINE=InnoDB DEFAULT CHARSET=utf8mb4;
/*!40101 SET character_set_client = @saved_cs_client */;

--
-- Dumping data for table `casernes`
--

LOCK TABLES `casernes` WRITE;
/*!40000 ALTER TABLE `casernes` DISABLE KEYS */;
INSERT INTO `casernes` VALUES (5,'12 paul Point','69800','SaintPrie',1),(6,'Zola','69100','Villeur',1),(7,'1 Croix Rousse','69004','Lyon',1),(8,'Doua','69100','Doua',2),(19,'Ch','69008','Ch',3);
insert into casernes (NumCaserne, Adresse, CP, Ville, CodeTypeC) values (1, '12 Karste Point', 23189, 'Iguatu', 2),(2, '5 VieCrossing', 20833, 'Montenegro', 2),(3, '4 Stephen Road', 37511, 'phic tho', 5),(4, '1 Orin Lane', 61312, 'Dobromeci', 4),(9, '5 Bunting Park', 64709, 'Catarman', 3),(10, '1 Arrowood T', 38200, 'Jubmlah', 5),(11, '28 Talmadge ss', 95397, 'Lanxi', 5),(12, '1 Old Gatoad', 58650, 'Silvares', 5),(13, '24 Graedel Hill', 14878, 'Tatabanya', 2),(14, '4 Cardial Steet', 16134, 'NorBay', 4),(15, '8 Packers Point', 82544, 'ArRqah', 2),(16, '7 Boner Terrace', 17303, 'Cikadu', 3),(17, '9 Prairie Center', 66073, 'Karbici', 3),(18, '10 Blue Point', 75985, 'Yixin', 1),(20, '14 Bultman Way', 88333, 'Coepcon', 1);
/*!40000 ALTER TABLE `casernes` ENABLE KEYS */;
UNLOCK TABLES;

--
-- Table structure for table `grades`
--

DROP TABLE IF EXISTS `grades`;
/*!40101 SET @saved_cs_client     = @@character_set_client */;
/*!40101 SET character_set_client = utf8 */;
CREATE TABLE `grades` (
  `CodeGrade` varchar(2) NOT NULL,
  `NomGrade` varchar(15) DEFAULT NULL,
  `CoefIndem` int(11) DEFAULT NULL,
  PRIMARY KEY (`CodeGrade`)
) ENGINE=InnoDB DEFAULT CHARSET=utf8mb4;
/*!40101 SET character_set_client = @saved_cs_client */;

--
-- Dumping data for table `grades`
--

LOCK TABLES `grades` WRITE;
/*!40000 ALTER TABLE `grades` DISABLE KEYS */;
INSERT INTO `grades` VALUES ('1C','1ere classe',6),('AC','Adjudent chef',8),('Ad','Adjudent',8),('Ca','Caporal',7),('CC','Capo. Chef',7),('Ct','Capitaine',10),('In','Infirmier',10),('Lt','Lieutenant',10),('Ma','Major',9),('SC','Sgt Chef',8),('Sg','Sergent',8),('SP','Sapeur',6);
/*!40000 ALTER TABLE `grades` ENABLE KEYS */;
UNLOCK TABLES;

--
-- Table structure for table `interventions`
--

DROP TABLE IF EXISTS `interventions`;
/*!40101 SET @saved_cs_client     = @@character_set_client */;
/*!40101 SET character_set_client = utf8 */;
CREATE TABLE `interventions` (
  `DateInter` date NOT NULL,
  `NumInter` int(11) NOT NULL,
  `TypeInter` varchar(10) DEFAULT NULL,
  `DureeInter` int(11) DEFAULT NULL,
  `EtatInter` varchar(10) DEFAULT NULL,
  PRIMARY KEY (`DateInter`,`NumInter`)
) ENGINE=InnoDB DEFAULT CHARSET=utf8mb4;
/*!40101 SET character_set_client = @saved_cs_client */;

--
-- Dumping data for table `interventions`
--

LOCK TABLES `interventions` WRITE;
/*!40000 ALTER TABLE `interventions` DISABLE KEYS */;
INSERT INTO `interventions` VALUES ('2009-01-01',1,'Secours',1,'OK'),('2009-01-01',2,'Secours',1,'OK'),('2009-01-01',3,'Feu',3,'OK'),('2009-01-02',1,'Feu',6,'En cours'),('2009-01-02',2,'Secours',2,'OK'),('2009-11-27',1,'Feu',6,'En cours');
/*!40000 ALTER TABLE `interventions` ENABLE KEYS */;
UNLOCK TABLES;

--
-- Table structure for table `pompier_intervention`
--

DROP TABLE IF EXISTS `pompier_intervention`;
/*!40101 SET @saved_cs_client     = @@character_set_client */;
/*!40101 SET character_set_client = utf8 */;
CREATE TABLE `pompier_intervention` (
  `DateInter` date NOT NULL,
  `NumInter` int(11) NOT NULL,
  `Matricule` varchar(7) NOT NULL,
  PRIMARY KEY (`DateInter`,`NumInter`,`Matricule`),
  KEY `FK_Pompier3` (`Matricule`),
  CONSTRAINT `FK_Inter` FOREIGN KEY (`DateInter`, `NumInter`) REFERENCES `interventions` (`DateInter`, `NumInter`),
  CONSTRAINT `FK_Pompier3` FOREIGN KEY (`Matricule`) REFERENCES `pompiers` (`Matricule`)
) ENGINE=InnoDB DEFAULT CHARSET=utf8mb4;
/*!40101 SET character_set_client = @saved_cs_client */;

--
-- Dumping data for table `pompier_intervention`
--

LOCK TABLES `pompier_intervention` WRITE;
/*!40000 ALTER TABLE `pompier_intervention` DISABLE KEYS */;
INSERT INTO `pompier_intervention` VALUES ('2009-01-01',1,'Ma0001'),('2009-01-01',1,'Ma0004'),('2009-01-01',1,'Ma0005'),('2009-01-01',1,'Ma0008'),('2009-01-01',2,'Ma0004'),('2009-01-01',3,'Ma0004'),('2009-01-02',1,'Ma0004'),('2009-01-02',2,'Ma0004'),('2009-11-27',1,'Ma0004');
/*!40000 ALTER TABLE `pompier_intervention` ENABLE KEYS */;
UNLOCK TABLES;

--
-- Table structure for table `pompier_qualification`
--

DROP TABLE IF EXISTS `pompier_qualification`;
/*!40101 SET @saved_cs_client     = @@character_set_client */;
/*!40101 SET character_set_client = utf8 */;
CREATE TABLE `pompier_qualification` (
  `Matricule` varchar(7) NOT NULL,
  `CodeQualif` varchar(5) NOT NULL,
  `DateObtention` date DEFAULT NULL,
  `DateRecyclage` date DEFAULT NULL,
  PRIMARY KEY (`Matricule`,`CodeQualif`),
  KEY `FK_Qualif1` (`CodeQualif`),
  CONSTRAINT `FK_Pompier1` FOREIGN KEY (`Matricule`) REFERENCES `pompiers` (`Matricule`),
  CONSTRAINT `FK_Qualif1` FOREIGN KEY (`CodeQualif`) REFERENCES `qualifications` (`CodeQualif`)
) ENGINE=InnoDB DEFAULT CHARSET=utf8mb4;
/*!40101 SET character_set_client = @saved_cs_client */;

--
-- Dumping data for table `pompier_qualification`
--

LOCK TABLES `pompier_qualification` WRITE;
/*!40000 ALTER TABLE `pompier_qualification` DISABLE KEYS */;
INSERT INTO `pompier_qualification` VALUES ('Ma0001','FO','2005-01-01','2005-01-01'),('Ma0001','GC','2005-01-01','2005-01-01'),('Ma0001','PC','2005-01-01','2005-01-01'),('Ma0001','S1','2000-01-01','2005-01-01'),('Ma0001','S2','2005-01-01','2005-01-01'),('Ma0002','S2','2000-01-01','2005-01-01'),('Ma0003','F1','2000-01-01','2005-01-01'),('Ma0004','F1','2000-01-01','2005-01-01'),('Ma0004','GC','2000-01-01','2005-01-01'),('Ma0004','S1','2000-01-01','2005-01-01'),('Ma0004','S2','2000-01-01','2005-01-01'),('Ma0004','SM','2000-01-01','2005-01-01');
/*!40000 ALTER TABLE `pompier_qualification` ENABLE KEYS */;
UNLOCK TABLES;

--
-- Table structure for table `pompiers`
--

DROP TABLE IF EXISTS `pompiers`;
/*!40101 SET @saved_cs_client     = @@character_set_client */;
/*!40101 SET character_set_client = utf8 */;
CREATE TABLE `pompiers` (
  `Matricule` varchar(7) NOT NULL,
  `Prenom` varchar(10) DEFAULT NULL,
  `Nom` varchar(20) DEFAULT NULL,
  `ChefAgret` varchar(1) DEFAULT NULL,
  `DateNaissance` date DEFAULT NULL,
  `NumCaserne` int(11) DEFAULT NULL,
  `CodeGrade` varchar(2) DEFAULT NULL,
  `matriculeRespo` varchar(7) DEFAULT NULL,
  PRIMARY KEY (`Matricule`),
  KEY `FK_Caserne1` (`NumCaserne`),
  KEY `FK_Grade1` (`CodeGrade`),
  CONSTRAINT `FK_Caserne1` FOREIGN KEY (`NumCaserne`) REFERENCES `casernes` (`NumCaserne`),
  CONSTRAINT `FK_Grade1` FOREIGN KEY (`CodeGrade`) REFERENCES `grades` (`CodeGrade`)
) ENGINE=InnoDB DEFAULT CHARSET=utf8mb4;
/*!40101 SET character_set_client = @saved_cs_client */;

--
-- Dumping data for table `pompiers`
--

LOCK TABLES `pompiers` WRITE;
/*!40000 ALTER TABLE `pompiers` DISABLE KEYS */;
INSERT INTO `pompiers` VALUES ('Ma0001','Ludovic','OK','N','1984-11-01',1,'SP','Ma0004'),('Ma0002','Jeremy','AR','N','1973-01-01',2,'1C','Ma0004'),('Ma0003','Arnaut','ER','N','1985-10-01',3,'SP','Ma0004'),('Ma0004','Thomas','VI','O','1973-01-10',4,'In','Ma0004'),('Ma0005','Patrice','EG','O','1973-02-04',5,'CC','Ma0004'),('Ma0006','Stephane','BV','O','1974-05-01',6,'Sg','Ma0004'),('Ma0007','Marie','MA','N','1979-01-01',7,'Ca','Ma0004'),('Ma0008','Maxence','MI','N','1985-01-01',8,'SP','Ma0004'),('Ma0009','Max','MI','N','1985-01-01',9,'SP','Ma0004');
insert into pompiers (Matricule, Prenom, Nom, ChefAgret, DateNaissance, NumCaserne, CodeGrade) values ('Ma0010','Joy', 'Guinery', 'O', '1971-07-18', 10, 'Ma'),('Ma0011','Ernaline', 'Mancktelow', 'N', '1991-08-20', 11, 'Ma'),('Ma0012','Matty', 'Tipperton', 'N', '1967-01-26', 12, 'In'),('Ma0013','Felicia', 'Deporte', 'O', '1983-12-01', 13, 'Lt'),('Ma0014','Caitlin', 'Currell', 'N', '1999-08-13', 14, 'Sg'),('Ma0015','Elbert', 'Sell', 'N', '1967-09-07', 15, 'Ca'),('Ma0016','Alon', 'Btham', 'N', '1998-06-09', 16, 'Sg'),('Ma0017','Dori', 'Leither', 'O', '1998-06-10', 17, 'In'),('Ma0018','Agnola', 'Facey', 'O', '1980-05-18', 18, 'Ca'),('Ma0019','Orelee', 'Hellcat', 'N', '2001-07-28', 19, 'Ad'),('Ma0020','Christian', 'Tabart', 'O', '1963-04-15', 20, 'Ma');
insert into pompiers (Matricule, matriculeRespo, Prenom, Nom, ChefAgret, DateNaissance, NumCaserne, CodeGrade) values ('Ma0021','Ma0013','Thurstan', 'Klee', 'O', '1977-04-29', 7, 'Ct'),
('Ma0022','Ma0003','Elsbeth', 'Tregear', 'O', '1998-04-08', 18, 'Ma'),('Ma0023','Ma0005','Cece', 'Straw', 'N', '1981-01-02', 17, 'In'),('Ma0024','Ma0017','Joceline', 'Ronaldson', 'O', '1996-01-22', 5, 'SC'),('Ma0025','Ma0020','Tom', 'Carillo', 'N', '1962-03-13', 19, 'Ma'),('Ma0026','Ma0004','Carmon', 'Levington', 'N', '1969-11-03', 19, 'SC'),('Ma0027','Ma0003','Jena', 'Wrixon', 'N', '1987-12-26', 5, 'Sg'),('Ma0028','Ma0003','Pauline', 'Banasiak', 'O', '1984-07-01', 14, 'Ad'),('Ma0029','Ma0013','Lelah', 'Karlsson', 'O', '1992-12-28', 20, '1c'),('Ma0030','Ma0017','Donny', 'Adamthwaite', 'N', '2000-09-09', 9, 'SC'),('Ma0031','Ma0002','Netty', 'Heskins', 'O', '1979-11-27', 18, 'Ca'),('Ma0032','Ma0006','Eward', 'Fronek', 'O', '1969-08-09', 17, 'SC'),('Ma0033','Ma0007','Amandi', 'Billanie', 'N', '1988-03-18', 10, 'Ct'),('Ma0034','Ma0007','Lory', 'Fronek', 'O', '1986-01-26', 13, 'In'),('Ma0035','Ma0014','Gradey', 'Gockelen', 'O', '1967-08-29', 1, 'In'),('Ma0036','Ma0013','Zolly', 'Goncaves', 'O', '1974-07-16', 7, 'Ad'),('Ma0037','Ma0014','Hurleigh', 'Rosle', 'N', '1991-02-22', 5, '1c'),('Ma0038','Ma0018','Katerine', 'Di Francesco', 'O', '2002-03-01', 2, 'Ct'),('Ma0039','Ma0018','Melody', 'Clouston', 'N', '1973-03-04', 9, 'In'),('Ma0040','Ma0012','Rad', 'Crossthwaite', 'N', '1981-05-09', 7, 'SP'),('Ma0041','Ma0019','Oby', 'Carsey', 'N', '1999-11-23', 13, 'Ad'),('Ma0042','Ma0013','Lotti', 'Drinnan', 'O', '1977-11-09', 5, 'Lt'),('Ma0043','Ma0018','Erinna', 'Tanser', 'O', '1975-11-11', 5, 'Ad'),('Ma0044','Ma0013','Giordano', 'Canwell', 'N', '2002-09-13', 10, '1c'),('Ma0045','Ma0008','Sibyl', 'Heintsch', 'N', '1995-02-13', 8, 'Ct'),('Ma0046','Ma0009','Son', 'Aldwick', 'N', '1973-12-02', 12, 'Ad'),('Ma0047','Ma0003','Maud', 'Jahan', 'N', '1968-12-12', 5, 'Ad'),('Ma0048','Ma0010','Othello', 'Todeo', 'O', '1977-12-05', 2, 'SC'),('Ma0049','Ma0020','Christie', 'Tolputt', 'N', '1985-03-12', 10, '1c'),('Ma0050','Ma0015','Ab', 'Quail', 'N', '1964-07-01', 19, 'Ct'),('Ma0051','Ma0011','Malva', 'Wyre', 'O', '1977-02-27', 10, 'SP'),('Ma0052','Ma0011','Ainslie', 'Borwick', 'O', '1971-11-01', 15, 'SP'),('Ma0053','Ma0019','Jeff', 'Beauchamp', 'N', '1981-07-14', 13, 'Ma'),('Ma0054','Ma0008','Tasha', 'Elliker', 'N', '1965-03-31', 15, 'CC'),('Ma0055','Ma0017','Georgia', 'Franssen', 'O', '1978-03-20', 12, '1c'),('Ma0056','Ma0015','Lenna', 'McCaw', 'N', '1976-12-25', 5, 'SC'),('Ma0057','Ma0007','Rollin', 'Shapero', 'O', '1961-07-23', 13, 'CC'),('Ma0058','Ma0012','Harp', 'Hews', 'N', '1991-07-01', 20, 'SP'),('Ma0059','Ma0015','Obadias', 'Pizzie', 'O', '1979-06-14', 5, 'In'),('Ma0060','Ma0015','Heywood', 'Votier', 'N', '1980-09-21', 3, 'Ct'),('Ma0061','Ma0013','Ermengarde', 'Gerdts', 'N', '1964-08-29', 5, 'In'),('Ma0062','Ma0007','Lisabeth', 'Scoullar', 'N', '1984-06-09', 19, 'Ca'),('Ma0063','Ma0017','Wallie', 'Hellard', 'N', '1962-01-12', 16, 'SP'),('Ma0064','Ma0010','Ann', 'Ferier', 'N', '1989-03-23', 6, 'Ad'),('Ma0065','Ma0018','Malory', 'Mattioni', 'O', '1987-09-16', 1, '1c'),('Ma0066','Ma0004','Fabian', 'Curd', 'O', '1984-03-08', 14, 'Lt'),('Ma0067','Ma0004','Therine', 'Sheeres', 'O', '1980-06-05', 20, 'Lt'),('Ma0068','Ma0009','Dolores', 'Grogan', 'O', '1967-10-08', 20, 'SP'),('Ma0069','Ma0020','Pearle', 'Simunek', 'O', '1983-02-01', 16, 'Sg'),('Ma0070','Ma0004','Sabine', 'Glide', 'N', '1967-05-17', 14, 'Ma'),('Ma0071','Ma0015','Maje', 'Maddy', 'N', '1999-11-29', 13, 'Ca'),('Ma0072','Ma0005','Adella', 'McGuinley', 'N', '1966-08-22', 15, 'Ma'),('Ma0073','Ma0014','const', 'Lattin', 'O', '1997-08-11', 18, 'Ma'),('Ma0074','Ma0020','Noah', 'Le Fevre', 'N', '1983-09-03', 17, 'Lt'),('Ma0075','Ma0017','phili', 'Lavis', 'O', '1989-10-10', 18, 'Sg'),('Ma0076','Ma0014','Carlota', 'Newens', 'N', '1974-01-06', 17, 'Ca'),('Ma0077','Ma0017','Rori', 'Linturn', 'N', '1995-04-09', 8, 'SP'),('Ma0078','Ma0002','stan', 'Ginglell', 'O', '1975-06-02', 20, 'CC'),('Ma0079','Ma0002','Belicia', 'Howsego', 'N', '1974-07-17', 15, 'AC'),('Ma0080','Ma0009','Caesar', 'Beavon', 'O', '1973-10-09', 6, 'SC'),('Ma0081','Ma0009','Jasun', 'Wetter', 'O', '1967-01-05', 2, '1c'),('Ma0082','Ma0012','Essa', 'Meffan', 'N', '2001-04-14', 13, 'Ma'),('Ma0083','Ma0010','ana', 'Myring', 'O', '1977-05-17', 12, 'Ct'),('Ma0084','Ma0006','Mable', 'Lamshead', 'N', '1978-07-09', 16, 'SP'),('Ma0085','Ma0008','Murray', 'Failough', 'O', '1976-09-20', 9, 'Lt'),('Ma0086','Ma0005','Aurelie', 'Drains', 'O', '1992-08-19', 3, 'SC'),('Ma0087','Ma0017','Cilka', 'Shacroff', 'O', '1970-12-26', 15, 'SP'),('Ma0088','Ma0010','Sergei', 'Caroll', 'O', '1999-10-06', 16, 'Sg'),('Ma0089','Ma0008','Nat', 'Yakunikov', 'O', '1981-03-08', 17, 'In'),('Ma0090','Ma0015','Waverly', 'Stoyles', 'N', '1982-04-23', 12, 'Ct'),('Ma0091','Ma0007','Nat', 'Limbrick', 'O', '1964-05-02', 10, 'Ma'),('Ma0092','Ma0015','Celina', 'Janacek', 'O', '1977-12-22', 7, 'Ct'),('Ma0093','Ma0016','Gorden', 'Matzaitis', 'N', '1969-06-26', 11, 'CC'),('Ma0094','Ma0013','Abrahan', 'Minghella', 'N', '1979-09-18', 18, 'AC'),('Ma0095','Ma0014','Lonnie', 'Bahen', 'N', '1970-02-03', 5, 'Lt'),('Ma0096','Ma0007','Brandy', 'Bennit', 'O', '1994-06-20', 17, 'In'),('Ma0097','Ma0019','Bel', 'Salterne', 'N', '1975-12-27', 19, 'SC'),('Ma0098','Ma0020','Madalena', 'Abraham', 'N', '1997-01-26', 8, 'Sg'),('Ma0099','Ma0001','Bron', 'Scotchmoor', 'O', '1962-05-24', 18, 'SP'),('Ma0100','Ma0005','Irv', 'Yendall', 'O', '1980-09-03', 9, 'Ca'),('Ma0101','Ma0013','vluu', 'Denzloe', 'N', '1996-12-04', 7, 'SC'),('Ma0102','Ma0011','Germaine', 'Cropton', 'N', '1969-03-18', 16, 'CC'),('Ma0103','Ma0007','Jennilee', 'Ellams', 'N', '1995-05-29', 10, 'Lt'),('Ma0104','Ma0013','Rayshell', 'Bihistle', 'N', '1962-02-11', 18, 'Ma'),('Ma0105','Ma0014','Gina', 'Snelgar', 'O', '1981-08-28', 3, 'CC'),('Ma0106','Ma0011','Elysee', 'Symcock', 'N', '1995-07-03', 16, 'Ca'),('Ma0107','Ma0001','Piotr', 'Dudson', 'N', '1964-01-15', 10, 'AC'),('Ma0108','Ma0015','Inigo', 'Kadar', 'O', '1993-08-15', 7, 'SP'),('Ma0109','Ma0018','Sella', 'Helwig', 'N', '1995-12-14', 9, '1c'),('Ma0110','Ma0006','Grazia', 'Cona', 'O', '1975-04-05', 19, '1c'),('Ma0111','Ma0020','maa', 'Binne', 'N', '1980-05-28', 17, 'CC'),('Ma0112','Ma0007','ether', 'Ferentz', 'N', '1988-06-08', 11, 'Ct'),('Ma0113','Ma0005','Arliene', 'Sclnders', 'O', '1999-01-26', 20, 'Sg'),('Ma0114','Ma0007','Alvera', 'Bakter', 'N', '1974-07-29', 13, 'Ma'),('Ma0115','Ma0013','Teressa', 'Yaovliv', 'O', '1994-08-11', 19, 'Ct'),('Ma0116','Ma0003','Falito', 'Sprakes', 'O', '1968-09-19', 12, 'SP'),('Ma0117','Ma0002','Evania', 'Spira', 'O', '1984-04-24', 12, 'Ad'),('Ma0118','Ma0020','Hilly', 'Raun', 'N', '1966-02-14', 18, 'Lt'),('Ma0119','Ma0014','Caren', 'De Avenell', 'N', '1992-12-08', 15, 'Lt'),('Ma0120','Ma0004','Allyce', 'Van der Beek', 'N', '1986-06-02', 19, 'AC'),('Ma0121','Ma0009','Paxon', 'Billing', 'N', '1991-02-28', 15, 'Ct'),('Ma0122','Ma0003','Lorenza', 'Emlin', 'O', '1986-03-05', 8, 'In'),('Ma0123','Ma0010','west', 'Kubes', 'O', '1962-06-26', 16, 'In'),('Ma0124','Ma0008','Russell', 'Hessle', 'O', '1990-04-08', 15, 'SP'),('Ma0125','Ma0005','Harman', 'Tour', 'N', '1977-04-09', 12, 'Ct'),('Ma0126','Ma0004','Hollis', 'Mordin', 'N', '1968-04-18', 3, 'Ad'),('Ma0127','Ma0013','just', 'Danielka', 'O', '1999-08-31', 18, '1c'),('Ma0128','Ma0020','Itch', 'Meins', 'O', '1995-03-26', 18, 'Ma'),('Ma0129','Ma0009','Cleo', 'Weeke', 'N', '1994-12-03', 12, 'SC'),('Ma0130','Ma0010','Chan', 'Theriot', 'N', '1983-09-30', 8, 'Sg'),('Ma0131','Ma0001','Marilee', 'Rosone', 'O', '1981-04-20', 6, '1c'),('Ma0132','Ma0013','Anna-maria', 'Beaston', 'O', '1982-07-27', 18, 'In'),('Ma0133','Ma0018','Emelyne', 'Jenteau', 'O', '1990-11-05', 7, 'SP'),('Ma0134','Ma0013','Sheil', 'Tramel', 'O', '1973-11-13', 12, 'Sg'),('Ma0135','Ma0004','Ginger', 'Maving', 'N', '1961-12-17', 10, 'In'),('Ma0136','Ma0005','Sauncho', 'Prchard', 'N', '1985-08-30', 7, 'In'),('Ma0137','Ma0009','Katine', 'Bessell', 'O', '1966-08-26', 10, 'Sg'),('Ma0138','Ma0001','Paquito', 'Bull', 'O', '1971-05-03', 3, 'CC'),('Ma0139','Ma0006','Bettye', 'Baeford', 'N', '1974-12-10', 5, 'SP'),('Ma0140','Ma0014','Kellen', 'Belield', 'N', '1981-06-17', 11, 'CC'),('Ma0141','Ma0005','Haskel', 'Swiley', 'O', '1975-02-09', 14, 'Ma'),('Ma0142','Ma0010','Nettie', 'Bour', 'O', '1994-08-20', 2, 'Ct'),('Ma0143','Ma0019','Marney', 'Gebrook', 'N', '1962-02-06', 16, 'AC'),('Ma0144','Ma0010','Allan', 'Rival', 'N', '1980-10-03', 7, 'SP'),('Ma0145','Ma0018','Krista', 'Stonbridge', 'N', '2000-03-04', 16, 'Ma'),('Ma0146','Ma0004','Esra', 'Kaye', 'O', '1974-10-10', 5, 'Ad'),('Ma0147','Ma0012','Lauryn', 'Deanni', 'O', '1991-12-20', 14, 'SP'),('Ma0148','Ma0012','Paulina', 'Goodbairn', 'N', '1970-03-16', 17, 'SP'),('Ma0149','Ma0017','Millict', 'Whittick', 'O', '1981-12-17', 13, 'SP'),('Ma0150','Ma0019','Winfid', 'Dignall', 'N', '1995-02-17', 20, '1c'),('Ma0151','Ma0015','Arnoldo', 'Wroughton', 'N', '1998-03-28', 12, '1c'),('Ma0152','Ma0014','Karim', 'Jarrard', 'O', '1993-07-04', 15, 'AC'),('Ma0153','Ma0020','Edgrdo', 'Ingerith', 'N', '1982-03-08', 18, 'Sg'),('Ma0154','Ma0019','Esta', 'Godwyn', 'N', '1963-07-28', 6, 'Sg'),('Ma0155','Ma0015','Alana', 'Searby', 'O', '1977-06-03', 9, 'Ca'),('Ma0156','Ma0009','Aninne', 'Hayer', 'O', '1969-06-04', 11, 'AC'),('Ma0157','Ma0020','Lorance', 'Ties', 'O', '1968-02-08', 18, '1c'),('Ma0158','Ma0008','Page', 'Jahn', 'N', '1998-05-15', 11, 'Ad'),('Ma0159','Ma0001','Neron', 'Gilleon', 'O', '1992-02-25', 13, 'Lt'),('Ma0160','Ma0019','Zilvia', 'Sls', 'O', '1969-11-12', 13, 'CC'),('Ma0161','Ma0007','Mace', 'Wreakes', 'O', '2000-02-28', 15, 'Ma'),('Ma0162','Ma0020','Cobby', 'Kaman', 'O', '1967-04-02', 18, 'Lt'),('Ma0163','Ma0002','Devin', 'McDade', 'O', '1996-12-16', 13, 'Sg'),
('Ma0164','Ma0015','Arnuad', 'Haye', 'N', '1998-04-30', 3, 'SP'),('Ma0165','Ma0005','Merrily', 'Hailey', 'O', '1984-03-15', 13, 'SC'),('Ma0166','Ma0011','Madonna', 'Salan', 'O', '1989-11-17', 12, 'In'),('Ma0167','Ma0010','Denyse', 'Dradey', 'O', '1986-11-13', 4, 'Ad'),('Ma0168','Ma0003','Pren', 'Haughey', 'N', '1979-04-08', 2, 'In'),('Ma0169','Ma0008','Thustan', 'Dumton', 'O', '1992-07-12', 10, 'Ma'),('Ma0170','Ma0012','Neddy', 'Hayles', 'O', '1983-07-22', 12, 'Sg'),('Ma0171','Ma0002','Anliese', 'Metcalf', 'O', '1974-01-10', 14, '1c'),('Ma0172','Ma0002','Chatal', 'Faragher', 'N', '1983-04-01', 5, 'Ad'),('Ma0173','Ma0007','Gislla', 'Legrave', 'N', '1965-08-03', 15, 'Sg'),('Ma0174','Ma0002','Harlen', 'Rosberg', 'O', '1987-02-12', 9, 'Ca'),('Ma0175','Ma0006','Tan', 'Pischel', 'N', '1991-01-16', 10, 'In'),('Ma0176','Ma0002','Web', 'Stridge', 'O', '1990-02-11', 9, 'Sg'),('Ma0177','Ma0019','Mona', 'Gutridge', 'N', '2002-03-17', 13, 'AC'),('Ma0178','Ma0007','Retha', 'Ryburn', 'N', '1971-06-13', 14, 'Ca'),('Ma0179','Ma0016','Skyler', 'Dingston', 'N', '1979-06-18', 17, 'Ca'),('Ma0180','Ma0009','Johana', 'Kiltie', 'N', '1988-08-24', 7, 'Ct'),('Ma0181','Ma0015','Nancey', 'Ferran', 'O', '1965-01-11', 15, 'SP'),('Ma0182','Ma0016','Gianna', 'Tomasoni', 'N', '1976-11-09', 5, 'AC'),('Ma0183','Ma0013','Alpard', 'Moyles', 'O', '1987-11-05', 18, 'Sg'),('Ma0184','Ma0013','Mignon', 'Summersby', 'N', '2001-12-15', 8, 'In'),('Ma0185','Ma0005','Cladius', 'Piddington', 'N', '1971-12-17', 5, 'Sg'),('Ma0186','Ma0006','Louella', 'Tudgay', 'N', '1965-02-08', 10, 'Sg'),('Ma0187','Ma0008','Bev', 'Hugoin', 'N', '1998-05-08', 12, 'Ad'),('Ma0188','Ma0006','Vera', 'Oallaghan', 'O', '1999-05-27', 7, 'In'),('Ma0189','Ma0018','Gabbi', 'Chstney', 'N', '1975-02-01', 18, 'CC'),('Ma0190','Ma0015','Phil', 'Everex', 'O', '1989-03-19', 8, 'Ct'),('Ma0191','Ma0017','Mathias', 'Coldman', 'N', '1968-08-23', 17, 'SC'),('Ma0192','Ma0019','Noelyn', 'Ruddoch', 'N', '1969-04-10', 18, 'SP'),('Ma0193','Ma0001','Jessi', 'Brayne', 'O', '1975-08-27', 5, 'SC'),('Ma0194','Ma0012','Cestine', 'Cicullo', 'N', '1998-10-19', 4, 'Ct'),('Ma0195','Ma0010','Jud', 'Kollach', 'O', '1962-07-15', 3, 'Ad'),('Ma0196','Ma0002','Lewie', 'Haslow', 'N', '1991-05-05', 1, 'Ca'),('Ma0197','Ma0016','Leif', 'Origin', 'O', '1976-07-28', 11, 'AC'),('Ma0198','Ma0020','Jim', 'Meoza', 'O', '1997-12-17', 7, 'Sg'),('Ma0199','Ma0014','Filmer', 'Lelievre', 'O', '1962-06-10', 17, 'CC'),('Ma0200','Ma0005','Hana', 'Cowling', 'O', '1975-08-09', 5, 'SC'),('Ma0201','Ma0015','Franzen', 'Crab', 'N', '1963-02-07', 13, 'Ad'),('Ma0202','Ma0017','Willi', 'Talman', 'O', '1967-03-31', 1, 'Sg'),('Ma0203','Ma0011','Harwell', 'Fozard', 'N', '1974-11-11', 17, '1c'),('Ma0204','Ma0013','Jerrine', 'Scritch', 'N', '1992-04-03', 19, 'SP'),('Ma0205','Ma0008','Bronny', 'Nraway', 'O', '1961-06-19', 6, 'SP'),('Ma0206','Ma0007','Laeitia', 'Trett', 'N', '1982-08-25', 14, 'AC'),('Ma0207','Ma0020','Sibbie', 'Idle', 'N', '1994-03-22', 9, 'Ma'),('Ma0208','Ma0001','Norri', 'Elia', 'N', '1991-05-04', 3, 'CC'),('Ma0209','Ma0014','Shelba', 'Ggorian', 'O', '1978-01-29', 2, 'AC'),('Ma0210','Ma0009','Cybill', 'Slowley', 'N', '1997-06-09', 15, 'Lt'),('Ma0211','Ma0017','Emili', 'Jorez', 'O', '1985-02-19', 15, 'SP'),('Ma0212','Ma0018','Harry', 'McCrum', 'O', '1972-03-17', 5, 'In'),('Ma0213','Ma0009','Ellie', 'Bunyan', 'O', '1967-11-25', 12, 'Lt'),('Ma0214','Ma0001','Frncois', 'Kiley', 'N', '1962-09-26', 12, 'In'),('Ma0215','Ma0012','Cecil', 'Obbard', 'N', '1963-12-17', 1, 'CC'),('Ma0216','Ma0020','Ailette', 'Wharrier', 'N', '1998-02-11', 6, 'Ct'),('Ma0217','Ma0013','Olympe', 'Wettern', 'N', '2001-07-01', 5, 'Lt'),('Ma0218','Ma0003','Othella', 'Oaherty', 'N', '1988-12-14', 6, 'SC'),('Ma0219','Ma0006','Giusto', 'Gopsill', 'N', '1994-02-19', 19, 'CC'),('Ma0220','Ma0009','Geno', 'Fevers', 'N', '1966-03-26', 12, 'Ad'),('Ma0221','Ma0018','Vivien', 'De Lisle', 'O', '1980-01-27', 9, 'SC'),('Ma0222','Ma0019','Camella', 'Tratton', 'N', '1975-06-03', 19, 'Sg'),('Ma0223','Ma0009','Carr', 'Duding', 'N', '1978-10-05', 14, 'Ct'),('Ma0224','Ma0007','Isadora', 'Toms', 'O', '1995-10-03', 18, 'AC'),('Ma0225','Ma0004','Libbey', 'Keavy', 'O', '1978-01-23', 5, 'CC'),('Ma0226','Ma0015','Lolly', 'Filyaev', 'O', '1973-04-27', 1, 'Ca'),('Ma0227','Ma0015','Pattie', 'Gent', 'N', '1992-09-09', 6, 'SP'),('Ma0228','Ma0017','Harlie', 'Zealy', 'N', '1988-05-01', 7, 'SP'),('Ma0229','Ma0013','Artie', 'Cleal', 'O', '1979-06-23', 3, 'Sg'),('Ma0230','Ma0015','Fredlia', 'Veal', 'N', '1982-06-17', 9, 'AC'),('Ma0231','Ma0008','Corbet', 'Formie', 'N', '1984-04-20', 3, 'SC'),('Ma0232','Ma0010','Winn', 'Janway', 'O', '1978-10-16', 5, 'Ct'),('Ma0233','Ma0017','Tedra', 'Korn', 'O', '1992-03-26', 15, 'Ma'),('Ma0234','Ma0015','Briant', 'Gierth', 'O', '1999-09-26', 6, 'SP'),('Ma0235','Ma0018','Jose', 'Befield', 'N', '1979-11-05', 7, 'CC'),('Ma0236','Ma0018','Dael', 'Andoni', 'N', '1969-03-14', 17, 'Ad'),('Ma0237','Ma0009','Conanta', 'Neilus', 'N', '1976-02-26', 8, 'Ct'),('Ma0238','Ma0011','Dorena', 'Woodcock', 'O', '1965-01-11', 12, 'Ca'),('Ma0239','Ma0012','Joey', 'Stacini', 'N', '1980-09-07', 12, 'SP'),('Ma0240','Ma0005','Fleigh', 'Churms', 'O', '1976-10-18', 18, 'CC'),('Ma0241','Ma0020','Merrill', 'Batte', 'N', '1980-12-10', 6, '1c'),('Ma0242','Ma0007','Loni', 'McGrane', 'O', '1967-06-14', 7, 'In'),('Ma0243','Ma0007','Barlemo', 'OSheilds', 'N', '1988-01-14', 6, 'Ca'),('Ma0244','Ma0005','Daloris', 'Runham', 'O', '1997-05-23', 1, 'Sg'),('Ma0245','Ma0016','Bertha', 'Cheshir', 'O', '1970-12-23', 10, 'Lt'),('Ma0246','Ma0005','Lesley', 'Graham', 'O', '1982-08-09', 12, '1c'),('Ma0247','Ma0006','Nike', 'Seckom', 'O', '1983-04-26', 3, 'SP'),('Ma0248','Ma0019','Georas', 'Itzkov', 'O', '1997-02-08', 14, 'CC'),('Ma0249','Ma0017','Marlin', 'Maughen', 'N', '2001-08-21', 16, 'Ct'),('Ma0250','Ma0007','Ham', 'Claates', 'N', '1998-01-31', 19, 'SP'),('Ma0251','Ma0006','Eduardo', 'Lembrick', 'O', '1992-11-06', 14, 'Ma'),('Ma0252','Ma0010','Tillie', 'Halenny', 'O', '1996-11-14', 10, 'SP'),('Ma0253','Ma0020','Haligh', 'Felbau', 'O', '1975-11-28', 14, 'SC'),('Ma0254','Ma0019','Any', 'Andreu', 'O', '1996-05-03', 11, 'Ma'),('Ma0255','Ma0016','Thane', 'Chettle', 'N', '1973-03-26', 6, 'Ct'),('Ma0256','Ma0017','Yolanda', 'Kaine', 'O', '1974-01-01', 14, 'CC'),('Ma0257','Ma0007','Kirbie', 'Dornan', 'N', '1965-01-26', 15, 'CC'),('Ma0258','Ma0011','Roseen', 'Guyer', 'O', '1977-03-24', 9, 'Sg'),('Ma0259','Ma0010','Thomasa', 'Wishire', 'O', '1975-02-03', 5, 'Ca'),('Ma0260','Ma0011','Dillon', 'McCskey', 'O', '1973-04-18', 19, 'Lt'),('Ma0261','Ma0014','Frans', 'Hullin', 'N', '1974-07-17', 19, 'Ma'),('Ma0262','Ma0013','Laurna', 'Hendren', 'N', '1963-07-02', 12, 'AC'),('Ma0263','Ma0016','Caella', 'Caush', 'O', '1992-02-07', 5, 'Sg'),('Ma0264','Ma0020','Issie', 'Ducket', 'N', '1985-01-08', 16, 'Sg'),('Ma0265','Ma0020','Tracie', 'Kochlin', 'O', '1984-06-02', 3, 'SP'),('Ma0266','Ma0012','Moishe', 'Widdowes', 'N', '1980-07-05', 16, 'AC'),('Ma0267','Ma0017','Spencer', 'Yerrall', 'O', '1986-02-05', 5, 'Ca'),('Ma0268','Ma0010','Elvina', 'Bensale', 'O', '1983-09-10', 16, 'Lt'),('Ma0269','Ma0016','Buffy', 'Wilbud', 'N', '1961-09-17', 7, 'In'),('Ma0270','Ma0012','Malynda', 'Skunes', 'O', '1965-03-19', 9, 'Ma'),('Ma0271','Ma0002','Lavena', 'Lewin', 'N', '1992-05-21', 15, 'In'),('Ma0272','Ma0012','Tedmund', 'Darhire', 'O', '1985-09-28', 12, 'SP'),('Ma0273','Ma0004','Chaddie', 'Wadie', 'O', '1993-06-01', 5, '1c'),('Ma0274','Ma0007','Morty', 'Josvich', 'N', '1992-05-30', 1, 'Ad'),('Ma0275','Ma0008','Katrina', 'Giaozzo', 'N', '1984-09-21', 7, 'Ma'),('Ma0276','Ma0008','Frieda', 'Stridge', 'N', '1992-10-28', 1, 'SP'),('Ma0277','Ma0002','Mikey', 'Stores', 'N', '1969-10-03', 2, 'In'),('Ma0278','Ma0012','Riardo', 'Shewan', 'O', '1998-08-08', 6, 'Ca'),('Ma0279','Ma0018','Egan', 'Bramble', 'N', '1970-01-03', 19, '1c'),('Ma0280','Ma0005','Patty', 'Ambury', 'O', '1989-08-30', 12, 'In'),('Ma0281','Ma0004','Bruno', 'Hlavac', 'N', '2000-08-11', 6, 'Ca'),('Ma0282','Ma0001','Lucna', 'Jelk', 'O', '1981-05-12', 5, 'Ad'),('Ma0283','Ma0018','Nevin', 'Rives', 'O', '1967-05-15', 11, 'SC'),('Ma0284','Ma0015','Anica', 'Barrass', 'O', '1989-04-29', 14, '1c'),('Ma0285','Ma0002','Penn', 'Wanell', 'N', '1996-07-20', 10, 'Ct'),('Ma0286','Ma0016','Frrique', 'Squers', 'O', '1963-05-03', 3, 'Ca'),('Ma0287','Ma0002','Paige', 'Thrhton', 'N', '1966-07-20', 2, 'AC'),('Ma0288','Ma0008','Ingaar', 'Dacote', 'O', '1998-10-01', 18, 'Ma'),('Ma0289','Ma0017','Carie', 'Brachell', 'O', '1984-09-02', 11, 'Sg'),('Ma0290','Ma0014','Lennie', 'Mayhow', 'N', '2000-05-31', 2, 'CC'),('Ma0291','Ma0012','Charyl', 'Affleck', 'N', '1972-11-26', 18, 'Lt'),('Ma0292','Ma0020','Trish', 'Jozsika', 'N', '1984-02-12', 18, 'SC'),('Ma0293','Ma0012','Conancy', 'Kilsby', 'O', '1970-08-01', 15, 'SC'),('Ma0294','Ma0010','Liane', 'Braz', 'N', '1999-12-14', 13, 'Ca'),('Ma0295','Ma0008','Darwin', 'Hallam', 'N', '1984-12-02', 2, 'Lt'),('Ma0296','Ma0006','Joletta', 'Rcroft', 'O', '1975-07-15', 14, 'Lt'),('Ma0297','Ma0004','Jesus', 'Pencost', 'N', '1964-03-01', 16, 'Lt'),('Ma0298','Ma0001','Dalynne', 'Sesnick', 'O', '1972-07-22', 12, 'SC'),('Ma0299','Ma0016','Elsie', 'Rings', 'N', '1978-11-17', 3, 'AC'),('Ma0300','Ma0009','Andrei', 'Van Son', 'N', '1978-03-26', 2, 'Ad'),('Ma0301','Ma0017','Lucy', 'Harlowe', 'N', '1968-02-15', 4, 'Ca'),('Ma0302','Ma0004','Almeda', 'Couve', 'O', '1974-04-28', 9, 'Ma'),('Ma0303','Ma0015','Fulton', 'Sim', 'O', '1965-05-19', 5, 'CC'),('Ma0304','Ma0001','Liesa', 'Trowler', 'N', '1999-01-05', 5, '1c'),('Ma0305','Ma0011','Jeth', 'Witshaw', 'O', '1982-06-09', 13, 'Ca'),('Ma0306','Ma0011','Berna', 'Spoiwood', 'N', '1976-08-25', 16, 'Sg'),
('Ma0307','Ma0015','Timoheus', 'Coveney', 'O', '1962-04-11', 13, 'SP'),('Ma0308','Ma0019','Syd', 'Boans', 'O', '1982-10-18', 8, 'AC'),('Ma0309','Ma0010','Pamina', 'Rowledge', 'N', '1991-02-14', 20, 'AC'),('Ma0310','Ma0014','Clara', 'Harford', 'O', '1969-04-04', 13, 'SP'),('Ma0311','Ma0012','Yuri', 'Tornce', 'O', '1966-11-05', 7, 'SP'),('Ma0312','Ma0020','Ashley', 'Gdredge', 'O', '1977-06-08', 8, 'Ma'),('Ma0313','Ma0005','Austen', 'Madre', 'N', '1963-12-21', 8, 'AC'),('Ma0314','Ma0013','Astrid', 'McSporrin', 'O', '1992-07-18', 5, 'Ca'),('Ma0315','Ma0003','Carlita', 'Kmieciak', 'N', '1982-04-27', 17, 'AC'),('Ma0316','Ma0002','Leonore', 'Vettore', 'O', '1972-04-18', 4, 'Ct'),('Ma0317','Ma0003','Keene', 'Ghio', 'N', '1979-11-15', 20, 'Ca'),('Ma0318','Ma0005','Adria', 'Stopp', 'O', '1986-07-04', 8, '1c'),('Ma0319','Ma0020','Elane', 'Scrieour', 'N', '1999-11-08', 14, 'Ad'),('Ma0320','Ma0013','Paco', 'Jendruh', 'O', '1979-09-29', 8, 'Ca'),('Ma0321','Ma0020','Claybne', 'Haggrth', 'O', '1987-11-25', 1, 'Ca'),('Ma0322','Ma0005','Neala', 'Bottll', 'O', '1976-02-09', 12, 'Sg'),('Ma0323','Ma0012','Quiilla', 'Vo1cker', 'N', '1985-10-08', 2, 'SC'),('Ma0324','Ma0007','Bord', 'MacCorley', 'O', '1987-11-19', 13, 'Ct'),('Ma0325','Ma0019','Paulina', 'Defrain', 'N', '1974-06-17', 13, 'Ad'),('Ma0326','Ma0003','Kelsey', 'Coy', 'N', '1996-04-12', 7, 'Ad'),('Ma0327','Ma0005','Shanie', 'Voss', 'N', '1973-02-17', 6, 'In'),('Ma0328','Ma0012','Antotta', 'Gerb', 'N', '1998-10-22', 20, '1c'),('Ma0329','Ma0017','Rivi', 'Coghan', 'N', '1997-11-29', 13, 'Ad'),('Ma0330','Ma0011','Merith', 'Arndot', 'O', '2002-04-18', 6, 'Ct'),('Ma0331','Ma0018','Randolf', 'Pitall', 'O', '1977-11-11', 15, 'In'),('Ma0332','Ma0017','Rosonde', 'Kraft', 'O', '1983-12-04', 8, 'Ad'),('Ma0333','Ma0001','Emmaee', 'Scamp', 'N', '2001-03-21', 11, 'Ca'),('Ma0334','Ma0009','Sepira', 'Gange', 'O', '1979-01-19', 11, '1c'),('Ma0335','Ma0015','Pauli', 'Malister', 'N', '1993-11-05', 15, 'CC'),('Ma0336','Ma0010','Hetti', 'Van Merwe', 'O', '1983-02-09', 20, 'SC'),('Ma0337','Ma0007','Osborn', 'Adriani', 'N', '1993-07-08', 9, 'Ca'),('Ma0338','Ma0001','Anietta', 'Stodart', 'O', '1990-11-11', 15, 'Ad'),('Ma0339','Ma0005','Rolia', 'Elorth', 'N', '1978-02-04', 11, 'Ma'),('Ma0340','Ma0018','Shel', 'Hengoed', 'N', '1963-09-22', 20, 'Ad'),('Ma0341','Ma0014','Jasun', 'Nicholes', 'N', '1974-10-06', 10, 'Sg'),('Ma0342','Ma0020','Dion', 'Sleeford', 'O', '1961-10-02', 20, 'Ca'),('Ma0343','Ma0011','Honey', 'Trangmar', 'N', '1978-11-27', 20, 'SP'),('Ma0344','Ma0016','Janka', 'Scroggins', 'N', '1966-04-18', 7, 'Ad'),('Ma0345','Ma0015','Domigo', 'Ziebart', 'N', '1978-01-01', 18, 'Sg'),('Ma0346','Ma0006','Mozele', 'Findlow', 'N', '2001-09-16', 14, 'Ma'),('Ma0347','Ma0016','Mia', 'Warham', 'O', '1990-09-28', 18, 'Ct'),('Ma0348','Ma0002','Windy', 'Joslin', 'N', '1982-07-28', 1, 'In'),('Ma0349','Ma0006','Jodie', 'Carbin', 'N', '2000-08-24', 6, 'SP'),('Ma0350','Ma0017','Racael', 'Barson', 'O', '1998-04-25', 12, '1c'),('Ma0351','Ma0019','Chilyn', 'Enns', 'N', '1962-03-28', 15, 'SC'),('Ma0352','Ma0018','Gilda', 'Wills', 'O', '1994-02-04', 9, 'Ca'),('Ma0353','Ma0011','Dacy', 'Curteis', 'O', '1993-07-01', 19, 'Ct'),('Ma0354','Ma0008','Harp', 'Thecham', 'N', '1994-11-10', 3, 'Ca'),('Ma0355','Ma0014','Marnna', 'Steger', 'O', '1965-02-24', 18, 'Ca'),('Ma0356','Ma0009','Den', 'Haster', 'O', '1980-06-17', 12, 'Ca'),('Ma0357','Ma0019','Silvno', 'Le Noire', 'N', '1982-10-16', 11, 'Ct'),('Ma0358','Ma0009','Godard', 'Baldung', 'N', '1968-04-27', 2, 'In'),('Ma0359','Ma0004','Laianne', 'Melloi', 'N', '1963-03-03', 6, 'Ad'),('Ma0360','Ma0014','Chalot', 'Goforth', 'N', '1977-01-07', 2, 'Sg'),('Ma0361','Ma0011','Bab', 'Boyland', 'O', '2000-12-10', 3, 'Ad'),('Ma0362','Ma0009','Laurie', 'Fevier', 'N', '1996-03-28', 11, 'Ct'),('Ma0363','Ma0016','Harri', 'Mallson', 'N', '1992-07-12', 12, 'Ct'),('Ma0364','Ma0004','Donaugh', 'Mndell', 'O', '1997-12-05', 14, 'AC'),('Ma0365','Ma0008','Ribard', 'Havik', 'N', '1961-01-08', 14, 'Ad'),('Ma0366','Ma0013','Faye', 'Divell', 'N', '1978-11-10', 2, 'Ct'),('Ma0367','Ma0020','Dave', 'Wassung', 'O', '2002-02-24', 13, 'Lt'),('Ma0368','Ma0001','Thomas', 'Ingle', 'N', '1965-11-07', 2, 'In'),('Ma0369','Ma0015','Mirelle', 'Romeuf', 'N', '1988-01-05', 2, 'Lt'),('Ma0370','Ma0011','Ginger', 'Passe', 'O', '1978-03-14', 10, 'Ct'),('Ma0371','Ma0017','Coolata', 'Giordano', 'N', '1968-08-10', 18, '1c'),('Ma0372','Ma0003','Isahla', 'Hafford', 'N', '2000-01-25', 12, 'Sg'),('Ma0373','Ma0018','Cymbre', 'Lait', 'N', '1985-07-05', 10, 'Lt'),('Ma0374','Ma0007','Priscla', 'Linny', 'N', '1974-07-02', 19, '1c'),('Ma0375','Ma0013','Trumnn', 'Troker', 'N', '2002-07-27', 10, 'In'),('Ma0376','Ma0015','Eada', 'Vasenko', 'N', '1988-01-06', 16, 'Ad'),('Ma0377','Ma0017','Tish', 'Gancleff', 'N', '1963-06-29', 15, 'SP'),('Ma0378','Ma0007','Darell', 'Gustus', 'O', '1998-04-22', 12, 'In'),('Ma0379','Ma0013','Maddie', 'Ericssen', 'O', '1989-09-25', 15, 'Ct'),('Ma0380','Ma0005','Amanda', 'Billteri', 'N', '1964-07-20', 7, 'In'),('Ma0381','Ma0008','Keeley', 'Campling', 'O', '1977-06-24', 18, 'Ma'),('Ma0382','Ma0016','Crford', 'Goadbie', 'O', '1967-07-23', 5, 'AC'),('Ma0383','Ma0001','Wood', 'Chitter', 'O', '1972-01-31', 17, 'CC'),('Ma0384','Ma0013','Marga', 'Merdew', 'O', '1983-11-21', 10, 'Ma'),('Ma0385','Ma0007','Vinni', 'Idale', 'N', '2001-01-18', 15, 'SC'),('Ma0386','Ma0017','Moritz', 'Mazzia', 'N', '1987-09-08', 6, '1c'),('Ma0387','Ma0007','Jojo', 'Brinkler', 'N', '1994-12-12', 12, 'AC'),('Ma0388','Ma0008','Noe', 'Fenner', 'N', '1993-07-16', 13, 'SP'),('Ma0389','Ma0007','Brnby', 'MacColgan', 'N', '1982-07-24', 4, 'In'),('Ma0390','Ma0012','Linea', 'Canby', 'O', '1963-01-22', 10, 'In'),('Ma0391','Ma0004','Alyssa', 'Kincla', 'O', '1993-02-08', 14, 'Sg'),('Ma0392','Ma0004','Lilith', 'Rodger', 'O', '1973-03-13', 10, 'Ad'),('Ma0393','Ma0015','Law', 'Oldridge', 'O', '1961-11-26', 19, 'SC'),('Ma0394','Ma0007','Herina', 'Durn', 'N', '1982-02-04', 11, 'Ca'),('Ma0395','Ma0009','Isaak', 'Presley', 'O', '1980-09-15', 20, 'Lt'),('Ma0396','Ma0008','Darsey', 'Croose', 'N', '2000-11-18', 14, 'Lt'),('Ma0397','Ma0019','Baxie', 'Skully', 'O', '1999-11-02', 4, 'SC'),('Ma0398','Ma0017','Der', 'Cobson', 'O', '2002-03-07', 12, '1c'),('Ma0399','Ma0017','Coop', 'Drohun', 'N', '1978-12-20', 2, 'Ma'),('Ma0400','Ma0010','Moika', 'Fearnley', 'N', '1997-01-18', 6, 'Sg'),('Ma0401','Ma0005','Benarr', 'Tibbs', 'O', '1968-09-08', 14, 'Ca'),('Ma0402','Ma0015','Cedric', 'Noon', 'N', '1971-11-18', 19, 'Ct'),('Ma0403','Ma0017','Annaese', 'ringford', 'N', '2001-09-19', 20, 'In'),('Ma0404','Ma0010','Tildy', 'Bewick', 'O', '1999-12-03', 3, 'SP'),('Ma0405','Ma0009','Valenne', 'Mc Meekin', 'N', '1980-09-15', 9, 'In'),('Ma0406','Ma0009','Marrita', 'Spickett', 'N', '1996-07-25', 15, 'Sg'),('Ma0407','Ma0013','Verica', 'Vicary', 'O', '1993-10-28', 7, 'Sg'),('Ma0408','Ma0019','Jenica', 'Buckam', 'O', '1981-10-07', 19, 'Ct'),('Ma0409','Ma0013','Ellis', 'Clogg', 'N', '1965-09-16', 3, 'Lt'),('Ma0410','Ma0008','Tallie', 'Houson', 'N', '1962-06-27', 12, 'In'),('Ma0411','Ma0006','Jereme', 'Saltwell', 'O', '1991-06-28', 9, 'SC'),('Ma0412','Ma0008','Malien', 'Gillaspy', 'O', '1978-09-15', 1, 'AC'),('Ma0413','Ma0017','Walton', 'Bidmead', 'O', '1973-12-09', 13, 'Ad'),('Ma0414','Ma0003','Towny', 'Burrells', 'O', '1992-04-29', 5, 'Ma'),('Ma0415','Ma0011','Cecily', 'Palke', 'N', '1963-10-10', 2, 'SP'),('Ma0416','Ma0018','Emlen', 'Baxter', 'O', '1983-09-18', 5, 'Ca'),('Ma0417','Ma0004','Latrina', 'Starmore', 'N', '1996-08-21', 10, 'Sg'),('Ma0418','Ma0003','Junina', 'Harrison', 'O', '1983-05-07', 7, 'Lt'),('Ma0419','Ma0010','Bord', 'Dudden', 'N', '1971-05-12', 14, 'SP'),('Ma0420','Ma0007','Fifne', 'Loosely', 'O', '1983-02-12', 20, 'Ca'),('Ma0421','Ma0010','Naanil', 'Lamps', 'O', '1974-08-06', 6, 'AC'),('Ma0422','Ma0005','Myra', 'Jellman', 'N', '1976-02-15', 16, 'Sg'),('Ma0423','Ma0015','Guthry', 'Melledy', 'N', '1992-05-12', 17, 'CC'),('Ma0424','Ma0013','Nella', 'Bernardot', 'O', '2001-07-09', 15, 'AC'),('Ma0425','Ma0006','Reeva', 'Simnor', 'O', '1981-06-13', 16, 'SP'),('Ma0426','Ma0018','Mailee', 'Ellings', 'N', '1967-10-29', 17, '1c'),('Ma0427','Ma0010','Verne', 'Nannetti', 'N', '1979-03-25', 6, 'SC'),('Ma0428','Ma0001','Lna', 'Divisek', 'O', '1990-08-26', 2, 'SP'),('Ma0429','Ma0020','Avigdor', 'Koeppe', 'O', '1979-06-08', 20, 'Sg'),('Ma0430','Ma0012','Willem', 'Lawley', 'O', '1963-10-19', 11, 'Lt'),('Ma0431','Ma0012','rtrando', 'Petrillo', 'N', '1982-09-26', 7, 'SP'),('Ma0432','Ma0009','Georgia', 'Brighwell', 'N', '2000-09-21', 3, 'Ad'),('Ma0433','Ma0020','Gris', 'MacRirie', 'N', '1972-06-13', 1, 'SP'),('Ma0434','Ma0005','odora', 'Shynn', 'O', '1996-02-03', 9, 'SP'),('Ma0435','Ma0007','Maena', 'Labrom', 'N', '1988-03-01', 6, 'Sg'),('Ma0436','Ma0003','Randal', 'Padden', 'N', '1966-07-10', 17, 'AC'),('Ma0437','Ma0013','Maxwell', 'Limeburn', 'N', '1983-08-29', 20, 'AC'),('Ma0438','Ma0013','Sester', 'Gomersal', 'O', '1996-12-26', 1, 'Ct'),('Ma0439','Ma0017','Nonna', 'Goodburn', 'O', '1997-09-18', 15, 'Lt'),('Ma0440','Ma0019','Andris', 'Meehan', 'N', '1992-07-28', 4, 'Sg'),('Ma0441','Ma0012','Jens', 'Axelbey', 'O', '1969-12-29', 12, 'Sg'),('Ma0442','Ma0013','Jhanna', 'Fer', 'N', '1962-11-06', 4, 'AC'),('Ma0443','Ma0017','Adi', 'Rossook', 'O', '1966-09-26', 14, 'Ma'),('Ma0444','Ma0002','Hilton', 'Padly', 'O', '1978-07-04', 15, 'Ma'),('Ma0445','Ma0015','Mahala', 'Wrenn', 'N', '1981-08-13', 17, 'Sg'),('Ma0446','Ma0002','Ellyn', 'Kingston', 'N', '1986-06-03', 14, 'Ct'),('Ma0447','Ma0011','Abbe', 'Breauer', 'O', '1969-06-26', 15, 'CC'),('Ma0448','Ma0011','Dulsea', 'Harral', 'N', '1964-06-27', 20, 'Ct'),('Ma0449','Ma0016','Pincus', 'Ianilli', 'N', '1980-02-27', 2, 'SP'),
('Ma0450','Ma0013','Tonsend', 'Lober', 'N', '1971-04-11', 15, 'SP'),('Ma0451','Ma0014','Ginifer', 'Larter', 'N', '1987-05-11', 7, 'Lt'),('Ma0452','Ma0010','Susi', 'Cawthra', 'O', '1975-03-11', 11, 'Ct'),('Ma0453','Ma0014','Shlden', 'Bewshire', 'O', '1967-03-04', 11, 'Ct'),('Ma0454','Ma0010','Abbi', 'Chafer', 'O', '1983-08-25', 6, 'SP'),('Ma0455','Ma0011','Jodi', 'Fearenside', 'O', '1961-12-22', 1, 'Lt'),('Ma0456','Ma0016','Joby', 'Corre', 'O', '1997-04-01', 5, 'Lt'),('Ma0457','Ma0019','Tibout', 'Wrotham', 'O', '1989-12-10', 7, '1c'),('Ma0458','Ma0012','Boyce', 'Glaister', 'N', '1997-10-14', 6, 'Sg'),('Ma0459','Ma0009','Augy', 'Lochead', 'O', '1993-12-02', 15, 'In'),('Ma0460','Ma0011','Lorena', 'Spurret', 'N', '1996-10-25', 4, 'Sg'),('Ma0461','Ma0020','Freerik', 'Lettington', 'N', '1967-08-28', 13, 'Sg'),('Ma0462','Ma0001','Bastian', 'Bawcock', 'O', '1991-03-02', 15, 'Ca'),('Ma0463','Ma0007','Teddie', 'Steuart', 'O', '1978-10-10', 8, 'In'),('Ma0464','Ma0001','Calv', 'Scrauniage', 'O', '1978-10-06', 13, 'Ca'),('Ma0465','Ma0020','Anson', 'Heart', 'N', '1976-07-04', 19, 'SC'),('Ma0466','Ma0017','Heall', 'Coop', 'N', '1969-08-26', 19, 'Ma'),('Ma0467','Ma0019','Kellina', 'Bremeyer', 'N', '1996-11-04', 11, 'Lt'),('Ma0468','Ma0019','Carlynne', 'Petkens', 'O', '1965-11-12', 9, 'Lt'),('Ma0469','Ma0011','Dian', 'Ricemnd', 'N', '1993-02-26', 6, 'CC'),('Ma0470','Ma0010','Nanette', 'Harlowe', 'O', '1979-05-21', 16, 'Ca'),('Ma0471','Ma0017','Frieda', 'Dallinder', 'N', '1985-09-26', 2, 'Ad'),('Ma0472','Ma0012','Tildi', 'OBrian', 'N', '1977-08-29', 19, 'Ct'),('Ma0473','Ma0005','Edgardo', 'Hendkson', 'N', '1996-05-06', 6, '1c'),('Ma0474','Ma0008','Arluene', 'Dryburgh', 'N', '1964-02-08', 1, 'CC'),('Ma0475','Ma0010','Charo', 'Gullan', 'N', '1985-01-10', 18, 'Ma'),('Ma0476','Ma0011','Julio', 'Wilfinger', 'O', '1977-07-20', 9, 'Ad'),('Ma0477','Ma0014','Dasya', 'Lauret', 'N', '1998-02-19', 10, 'CC'),('Ma0478','Ma0004','Daleen', 'Biddulph', 'N', '1984-12-03', 4, 'SP'),('Ma0479','Ma0009','Reed', 'O Doohue', 'N', '1979-09-03', 3, 'Ad'),('Ma0480','Ma0018','Lissi', 'Hunnam', 'O', '1994-10-03', 4, 'AC'),('Ma0481','Ma0011','Viva', 'Wines', 'N', '1991-10-21', 3, 'Lt'),('Ma0482','Ma0006','Lodovico', 'Cannan', 'N', '1984-08-04', 14, 'AC'),('Ma0483','Ma0020','Tish', 'Ancliff', 'O', '1978-02-22', 14, 'CC'),('Ma0484','Ma0020','Elfrieda', 'Blampey', 'N', '1964-09-22', 16, 'Sg'),('Ma0485','Ma0017','Remington', 'Colnutt', 'O', '1964-03-08', 11, 'SP'),('Ma0486','Ma0011','Rebeka', 'Moret', 'N', '1999-02-07', 4, 'Ad'),('Ma0487','Ma0004','Hyman', 'Burman', 'O', '1984-06-24', 4, 'AC'),('Ma0488','Ma0019','Edlin', 'Gosker', 'N', '2000-06-01', 2, 'AC'),('Ma0489','Ma0003','Alvy', 'Vesco', 'N', '1969-11-24', 18, 'Ma'),('Ma0490','Ma0006','Gwnora', 'Ferrar', 'N', '1977-03-19', 6, 'Ca'),('Ma0491','Ma0016','Lind', 'Pover', 'O', '1974-09-27', 10, 'Ad'),('Ma0492','Ma0004','Ryun', 'Ettery', 'O', '1999-01-21', 16, 'Lt'),('Ma0493','Ma0004','Earlie', 'Riste', 'N', '1985-01-16', 8, 'SP'),('Ma0494','Ma0014','Mureil', 'Gulland', 'N', '1998-04-15', 4, 'Ct'),('Ma0495','Ma0016','Timoeus', 'MacGicolm', 'N', '2000-03-24', 4, 'CC'),('Ma0496','Ma0002','Joshuah', 'Murrey', 'O', '1974-03-03', 4, 'Sg'),('Ma0497','Ma0006','Greggory', 'Sedger', 'O', '1977-01-15', 8, 'Sg'),('Ma0498','Ma0002','Khalil', 'Nelane', 'N', '1977-12-04', 12, 'Lt'),('Ma0499','Ma0001','Steano', 'Brosini', 'O', '1989-02-08', 10, 'Lt'),('Ma0500','Ma0005','Hilly', 'Ferrao', 'O', '1969-04-01', 2, '1c');

/*!40000 ALTER TABLE `pompiers` ENABLE KEYS */;
UNLOCK TABLES;

--
-- Table structure for table `pompiers_dispos`
--

DROP TABLE IF EXISTS `pompiers_dispos`;
/*!40101 SET @saved_cs_client     = @@character_set_client */;
/*!40101 SET character_set_client = utf8 */;
CREATE TABLE `pompiers_dispos` (
  `Matricule` varchar(7) NOT NULL,
  `jjmmaaaa` date NOT NULL,
  `hhmm` int(11) NOT NULL,
  PRIMARY KEY (`Matricule`,`jjmmaaaa`,`hhmm`),
  CONSTRAINT `FK_Pompier2` FOREIGN KEY (`Matricule`) REFERENCES `pompiers` (`Matricule`)
) ENGINE=InnoDB DEFAULT CHARSET=utf8mb4;
/*!40101 SET character_set_client = @saved_cs_client */;

--
-- Dumping data for table `pompiers_dispos`
--

LOCK TABLES `pompiers_dispos` WRITE;
/*!40000 ALTER TABLE `pompiers_dispos` DISABLE KEYS */;

insert into pompiers_dispos (Matricule, jjmmaaaa, hhmm) values ('Ma0001', '2021-10-16', 13),('Ma0002', '2021-10-19', 11),('Ma0003', '2021-10-16', 16),('Ma0004', '2021-10-17', 12),('Ma0005', '2021-10-16', 9),('Ma0006', '2021-10-16', 10),('Ma0007', '2021-10-17', 11),('Ma0008', '2021-10-19', 8),('Ma0009', '2021-10-19', 8),('Ma0010', '2021-10-18', 10),('Ma0011', '2021-10-17', 15),('Ma0012', '2021-10-18', 12),('Ma0013', '2021-10-19', 8),('Ma0014', '2021-10-16', 16),('Ma0015', '2021-10-19', 12),('Ma0016', '2021-10-19', 11),('Ma0017', '2021-10-19', 9),('Ma0018', '2021-10-16', 12),('Ma0019', '2021-10-17', 13),('Ma0020', '2021-10-19', 12),('Ma0021', '2021-10-17', 10),('Ma0022', '2021-10-19', 10),('Ma0023', '2021-10-18', 9),('Ma0024', '2021-10-17', 16),('Ma0025', '2021-10-16', 11),('Ma0026', '2021-10-18', 9),('Ma0027', '2021-10-16', 10),('Ma0028', '2021-10-16', 13),('Ma0029', '2021-10-18', 13),('Ma0030', '2021-10-17', 16),('Ma0031', '2021-10-16', 9),('Ma0032', '2021-10-19', 8),('Ma0033', '2021-10-16', 13),('Ma0034', '2021-10-16', 9),('Ma0035', '2021-10-18', 10),('Ma0036', '2021-10-16', 9),('Ma0037', '2021-10-19', 15),('Ma0038', '2021-10-18', 14),('Ma0039', '2021-10-18', 12),('Ma0040', '2021-10-18', 14),('Ma0041', '2021-10-16', 8),('Ma0042', '2021-10-17', 13),('Ma0043', '2021-10-18', 10),('Ma0044', '2021-10-18', 12),('Ma0045', '2021-10-16', 15),('Ma0046', '2021-10-16', 11),('Ma0047', '2021-10-19', 11),('Ma0048', '2021-10-17', 12),('Ma0049', '2021-10-18', 11),('Ma0050', '2021-10-19', 9),('Ma0051', '2021-10-16', 11),('Ma0052', '2021-10-19', 12),('Ma0053', '2021-10-17', 14),('Ma0054', '2021-10-16', 16),('Ma0055', '2021-10-18', 9),('Ma0056', '2021-10-17', 16),('Ma0057', '2021-10-17', 13),('Ma0058', '2021-10-19', 11),('Ma0059', '2021-10-19', 14),('Ma0060', '2021-10-19', 12),('Ma0061', '2021-10-18', 9),('Ma0062', '2021-10-16', 9),('Ma0063', '2021-10-17', 13),('Ma0064', '2021-10-16', 13),('Ma0065', '2021-10-17', 14),('Ma0066', '2021-10-18', 15),('Ma0067', '2021-10-19', 12),('Ma0068', '2021-10-17', 8),('Ma0069', '2021-10-17', 15),('Ma0070', '2021-10-18', 11),('Ma0071', '2021-10-16', 11),('Ma0072', '2021-10-18', 14),('Ma0073', '2021-10-19', 8),('Ma0074', '2021-10-19', 15),('Ma0075', '2021-10-16', 9),('Ma0076', '2021-10-18', 16),('Ma0077', '2021-10-19', 8),('Ma0078', '2021-10-16', 13),('Ma0079', '2021-10-17', 15),('Ma0080', '2021-10-17', 12),('Ma0081', '2021-10-19', 9),('Ma0082', '2021-10-16', 14),('Ma0083', '2021-10-16', 13),('Ma0084', '2021-10-17', 11),('Ma0085', '2021-10-19', 9),('Ma0086', '2021-10-19', 13),('Ma0087', '2021-10-17', 11),('Ma0088', '2021-10-18', 15),('Ma0089', '2021-10-17', 11),('Ma0090', '2021-10-17', 11),('Ma0091', '2021-10-19', 11),('Ma0092', '2021-10-18', 16),('Ma0093', '2021-10-18', 13),('Ma0094', '2021-10-16', 15),('Ma0095', '2021-10-18', 12),('Ma0096', '2021-10-17', 12),('Ma0097', '2021-10-17', 12),('Ma0098', '2021-10-16', 9),('Ma0099', '2021-10-17', 13),('Ma0100', '2021-10-18', 16),('Ma0101', '2021-10-19', 15),('Ma0102', '2021-10-18', 9),('Ma0103', '2021-10-17', 12),('Ma0104', '2021-10-19', 9),('Ma0105', '2021-10-19', 14),('Ma0106', '2021-10-16', 8),('Ma0107', '2021-10-16', 10),('Ma0108', '2021-10-18', 9),('Ma0109', '2021-10-16', 16),('Ma0110', '2021-10-16', 11),('Ma0111', '2021-10-18', 14),('Ma0112', '2021-10-19', 11),('Ma0113', '2021-10-19', 11),('Ma0114', '2021-10-17', 10),('Ma0115', '2021-10-18', 13),('Ma0116', '2021-10-16', 9),('Ma0117', '2021-10-18', 10),('Ma0118', '2021-10-17', 10),('Ma0119', '2021-10-18', 9),('Ma0120', '2021-10-16', 10),('Ma0121', '2021-10-16', 16),('Ma0122', '2021-10-18', 15),('Ma0123', '2021-10-19', 16),('Ma0124', '2021-10-17', 12),('Ma0125', '2021-10-19', 15),('Ma0126', '2021-10-16', 9),('Ma0127', '2021-10-19', 14),('Ma0128', '2021-10-18', 15),('Ma0129', '2021-10-16', 16),('Ma0130', '2021-10-17', 9),('Ma0131', '2021-10-19', 9),('Ma0132', '2021-10-18', 8),('Ma0133', '2021-10-17', 9),('Ma0134', '2021-10-16', 8),('Ma0135', '2021-10-17', 12),('Ma0136', '2021-10-17', 14),('Ma0137', '2021-10-16', 13),('Ma0138', '2021-10-18', 14),('Ma0139', '2021-10-17', 13),('Ma0140', '2021-10-17', 12),('Ma0141', '2021-10-19', 11),('Ma0142', '2021-10-18', 14),('Ma0143', '2021-10-18', 9),('Ma0144', '2021-10-17', 16),('Ma0145', '2021-10-19', 15),('Ma0146', '2021-10-17', 8),('Ma0147', '2021-10-18', 11),('Ma0148', '2021-10-16', 15),('Ma0149', '2021-10-18', 13),('Ma0150', '2021-10-18', 11),('Ma0151', '2021-10-16', 8),('Ma0152', '2021-10-19', 10),('Ma0153', '2021-10-16', 8),('Ma0154', '2021-10-19', 13),('Ma0155', '2021-10-17', 8),('Ma0156', '2021-10-16', 10),('Ma0157', '2021-10-19', 15),('Ma0158', '2021-10-17', 14),('Ma0159', '2021-10-17', 15),('Ma0160', '2021-10-19', 13),('Ma0161', '2021-10-17', 16),('Ma0162', '2021-10-19', 11),('Ma0163', '2021-10-19', 11),('Ma0164', '2021-10-18', 11),('Ma0165', '2021-10-18', 16),('Ma0166', '2021-10-19', 10),('Ma0167', '2021-10-18', 10),('Ma0168', '2021-10-19', 14),('Ma0169', '2021-10-16', 14),('Ma0170', '2021-10-18', 12),('Ma0171', '2021-10-17', 12),('Ma0172', '2021-10-16', 10),('Ma0173', '2021-10-17', 10),('Ma0174', '2021-10-18', 16),('Ma0175', '2021-10-17', 16),('Ma0176', '2021-10-17', 14),('Ma0177', '2021-10-16', 10),('Ma0178', '2021-10-19', 12),('Ma0179', '2021-10-16', 14),('Ma0180', '2021-10-19', 9),('Ma0181', '2021-10-18', 14),('Ma0182', '2021-10-16', 15),('Ma0183', '2021-10-16', 12),('Ma0184', '2021-10-17', 10),('Ma0185', '2021-10-17', 10),('Ma0186', '2021-10-19', 14),('Ma0187', '2021-10-17', 12),('Ma0188', '2021-10-18', 16),('Ma0189', '2021-10-18', 13),('Ma0190', '2021-10-17', 11),('Ma0191', '2021-10-17', 11),('Ma0192', '2021-10-17', 10),('Ma0193', '2021-10-19', 10),('Ma0194', '2021-10-19', 14),('Ma0195', '2021-10-19', 13),('Ma0196', '2021-10-19', 15),('Ma0197', '2021-10-16', 9),('Ma0198', '2021-10-19', 10),('Ma0199', '2021-10-17', 12),('Ma0200', '2021-10-17', 13),('Ma0201', '2021-10-18', 8),('Ma0202', '2021-10-16', 8),('Ma0203', '2021-10-19', 14),('Ma0204', '2021-10-16', 13),('Ma0205', '2021-10-16', 11),('Ma0206', '2021-10-18', 14),('Ma0207', '2021-10-16', 14),('Ma0208', '2021-10-16', 13),('Ma0209', '2021-10-19', 11),('Ma0210', '2021-10-17', 9),('Ma0211', '2021-10-16', 15),('Ma0212', '2021-10-16', 14),('Ma0213', '2021-10-18', 13),('Ma0214', '2021-10-19', 13),('Ma0215', '2021-10-17', 15),('Ma0216', '2021-10-18', 8),('Ma0217', '2021-10-16', 9),('Ma0218', '2021-10-16', 8),('Ma0219', '2021-10-19', 12),('Ma0220', '2021-10-19', 8),('Ma0221', '2021-10-17', 10),('Ma0222', '2021-10-19', 11),('Ma0223', '2021-10-17', 15),('Ma0224', '2021-10-18', 8),('Ma0225', '2021-10-16', 15),('Ma0226', '2021-10-17', 10),('Ma0227', '2021-10-18', 9),('Ma0228', '2021-10-18', 9),('Ma0229', '2021-10-16', 14),('Ma0230', '2021-10-19', 15),('Ma0231', '2021-10-17', 12),('Ma0232', '2021-10-17', 8),('Ma0233', '2021-10-17', 10),('Ma0234', '2021-10-17', 8),('Ma0235', '2021-10-16', 13),('Ma0236', '2021-10-17', 11),('Ma0237', '2021-10-17', 12),('Ma0238', '2021-10-18', 14),('Ma0239', '2021-10-19', 14),('Ma0240', '2021-10-16', 11),('Ma0241', '2021-10-18', 16),('Ma0242', '2021-10-19', 15),('Ma0243', '2021-10-16', 14),('Ma0244', '2021-10-19', 9),('Ma0245', '2021-10-17', 15),('Ma0246', '2021-10-18', 16),('Ma0247', '2021-10-18', 9),('Ma0248', '2021-10-19', 10),('Ma0249', '2021-10-17', 8),('Ma0250', '2021-10-16', 16),('Ma0251', '2021-10-17', 16),('Ma0252', '2021-10-19', 11),('Ma0253', '2021-10-16', 9),('Ma0254', '2021-10-19', 8),('Ma0255', '2021-10-17', 14),('Ma0256', '2021-10-19', 16),('Ma0257', '2021-10-16', 9),('Ma0258', '2021-10-17', 14),('Ma0259', '2021-10-19', 10),('Ma0260', '2021-10-16', 14),('Ma0261', '2021-10-18', 12),('Ma0262', '2021-10-16', 13),('Ma0263', '2021-10-16', 10),('Ma0264', '2021-10-19', 8),('Ma0265', '2021-10-18', 9),('Ma0266', '2021-10-19', 9),('Ma0267', '2021-10-19', 14),('Ma0268', '2021-10-17', 16),('Ma0269', '2021-10-18', 12),('Ma0270', '2021-10-16', 14),('Ma0271', '2021-10-16', 15),('Ma0272', '2021-10-19', 12),('Ma0273', '2021-10-19', 15),('Ma0274', '2021-10-19', 9),('Ma0275', '2021-10-18', 11),('Ma0276', '2021-10-19', 16),('Ma0277', '2021-10-19', 13),('Ma0278', '2021-10-16', 12),('Ma0279', '2021-10-19', 15),('Ma0280', '2021-10-16', 12),('Ma0281', '2021-10-16', 10),('Ma0282', '2021-10-16', 9),('Ma0283', '2021-10-17', 9),('Ma0284', '2021-10-17', 15),('Ma0285', '2021-10-18', 15),('Ma0286', '2021-10-16', 12),('Ma0287', '2021-10-18', 8),('Ma0288', '2021-10-19', 13),('Ma0289', '2021-10-17', 15),('Ma0290', '2021-10-19', 15),('Ma0291', '2021-10-19', 12),('Ma0292', '2021-10-18', 8),('Ma0293', '2021-10-19', 11),('Ma0294', '2021-10-18', 8),('Ma0295', '2021-10-17', 12),('Ma0296', '2021-10-16', 8),('Ma0297', '2021-10-16', 15),('Ma0298', '2021-10-17', 15),('Ma0299', '2021-10-18', 12),('Ma0300', '2021-10-19', 14),('Ma0301', '2021-10-19', 13),('Ma0302', '2021-10-16', 9),('Ma0303', '2021-10-17', 14),('Ma0304', '2021-10-17', 15),('Ma0305', '2021-10-19', 15),('Ma0306', '2021-10-17', 13),('Ma0307', '2021-10-16', 14),('Ma0308', '2021-10-16', 16),('Ma0309', '2021-10-16', 8),('Ma0310', '2021-10-19', 14),('Ma0311', '2021-10-16', 9),('Ma0312', '2021-10-16', 16),('Ma0313', '2021-10-16', 11),('Ma0314', '2021-10-18', 16),('Ma0315', '2021-10-18', 13),('Ma0316', '2021-10-19', 16),('Ma0317', '2021-10-19', 16),('Ma0318', '2021-10-19', 8),('Ma0319', '2021-10-19', 11),('Ma0320', '2021-10-19', 13),('Ma0321', '2021-10-17', 16),('Ma0322', '2021-10-19', 11),('Ma0323', '2021-10-16', 9),('Ma0324', '2021-10-19', 13),('Ma0325', '2021-10-19', 10),('Ma0326', '2021-10-18', 11),('Ma0327', '2021-10-19', 14),('Ma0328', '2021-10-19', 12),('Ma0329', '2021-10-19', 13),('Ma0330', '2021-10-16', 16),('Ma0331', '2021-10-19', 15),('Ma0332', '2021-10-18', 15),('Ma0333', '2021-10-19', 11),('Ma0334', '2021-10-19', 14),('Ma0335', '2021-10-19', 9),('Ma0336', '2021-10-18', 16),('Ma0337', '2021-10-16', 8),('Ma0338', '2021-10-18', 13),('Ma0339', '2021-10-17', 13),('Ma0340', '2021-10-19', 16),('Ma0341', '2021-10-17', 13),('Ma0342', '2021-10-18', 15),('Ma0343', '2021-10-18', 14),('Ma0344', '2021-10-18', 9),('Ma0345', '2021-10-17', 16),
('Ma0346', '2021-10-18', 15),('Ma0347', '2021-10-19', 11),('Ma0348', '2021-10-16', 16),('Ma0349', '2021-10-19', 8),('Ma0350', '2021-10-16', 15),('Ma0351', '2021-10-19', 11),('Ma0352', '2021-10-17', 14),('Ma0353', '2021-10-19', 11),('Ma0354', '2021-10-19', 10),('Ma0355', '2021-10-17', 16),('Ma0356', '2021-10-17', 16),('Ma0357', '2021-10-17', 13),('Ma0358', '2021-10-18', 9),('Ma0359', '2021-10-18', 14),('Ma0360', '2021-10-18', 13),('Ma0361', '2021-10-17', 10),('Ma0362', '2021-10-16', 10),('Ma0363', '2021-10-16', 13),('Ma0364', '2021-10-18', 8),('Ma0365', '2021-10-18', 16),('Ma0366', '2021-10-18', 10),('Ma0367', '2021-10-16', 13),('Ma0368', '2021-10-19', 12),('Ma0369', '2021-10-18', 12),('Ma0370', '2021-10-17', 11),('Ma0371', '2021-10-17', 9),('Ma0372', '2021-10-18', 8),('Ma0373', '2021-10-18', 8),('Ma0374', '2021-10-16', 10),('Ma0375', '2021-10-19', 12),('Ma0376', '2021-10-18', 9),('Ma0377', '2021-10-16', 8),('Ma0378', '2021-10-19', 12),('Ma0379', '2021-10-18', 15),('Ma0380', '2021-10-18', 15),('Ma0381', '2021-10-16', 16),('Ma0382', '2021-10-17', 15),('Ma0383', '2021-10-19', 14),('Ma0384', '2021-10-19', 8),('Ma0385', '2021-10-19', 9),('Ma0386', '2021-10-19', 13),('Ma0387', '2021-10-19', 8),('Ma0388', '2021-10-18', 12),('Ma0389', '2021-10-18', 9),('Ma0390', '2021-10-19', 13),('Ma0391', '2021-10-18', 13),('Ma0392', '2021-10-19', 16),('Ma0393', '2021-10-18', 13),('Ma0394', '2021-10-17', 15),('Ma0395', '2021-10-16', 12),('Ma0396', '2021-10-17', 16),('Ma0397', '2021-10-18', 8),('Ma0398', '2021-10-19', 13),('Ma0399', '2021-10-18', 15),('Ma0400', '2021-10-18', 13),('Ma0401', '2021-10-19', 12),('Ma0402', '2021-10-16', 15),('Ma0403', '2021-10-16', 10),('Ma0404', '2021-10-16', 11),('Ma0405', '2021-10-18', 13),('Ma0406', '2021-10-19', 14),('Ma0407', '2021-10-16', 10),('Ma0408', '2021-10-19', 8),('Ma0409', '2021-10-17', 9),('Ma0410', '2021-10-18', 12),('Ma0411', '2021-10-18', 14),('Ma0412', '2021-10-16', 11),('Ma0413', '2021-10-17', 15),('Ma0414', '2021-10-17', 16),('Ma0415', '2021-10-19', 10),('Ma0416', '2021-10-16', 8),('Ma0417', '2021-10-17', 11),('Ma0418', '2021-10-18', 9),('Ma0419', '2021-10-17', 16),('Ma0420', '2021-10-16', 8),('Ma0421', '2021-10-18', 10),('Ma0422', '2021-10-17', 16),('Ma0423', '2021-10-17', 8),('Ma0424', '2021-10-17', 9),('Ma0425', '2021-10-17', 10),('Ma0426', '2021-10-18', 13),('Ma0427', '2021-10-19', 9),('Ma0428', '2021-10-18', 11),('Ma0429', '2021-10-18', 14),('Ma0430', '2021-10-18', 10),('Ma0431', '2021-10-19', 14),('Ma0432', '2021-10-18', 8),('Ma0433', '2021-10-19', 10),('Ma0434', '2021-10-17', 8),('Ma0435', '2021-10-16', 14),('Ma0436', '2021-10-18', 8),('Ma0437', '2021-10-17', 12),('Ma0438', '2021-10-19', 15),('Ma0439', '2021-10-16', 9),('Ma0440', '2021-10-19', 13),('Ma0441', '2021-10-17', 12),('Ma0442', '2021-10-18', 8),('Ma0443', '2021-10-18', 13),('Ma0444', '2021-10-17', 13),('Ma0445', '2021-10-17', 12),('Ma0446', '2021-10-18', 12),('Ma0447', '2021-10-18', 11),('Ma0448', '2021-10-16', 10),('Ma0449', '2021-10-17', 15),('Ma0450', '2021-10-19', 10),('Ma0451', '2021-10-18', 16),('Ma0452', '2021-10-18', 16),('Ma0453', '2021-10-18', 8),('Ma0454', '2021-10-18', 15),('Ma0455', '2021-10-17', 10),('Ma0456', '2021-10-19', 8),('Ma0457', '2021-10-19', 16),('Ma0458', '2021-10-19', 8),('Ma0459', '2021-10-19', 15),('Ma0460', '2021-10-17', 9),('Ma0461', '2021-10-18', 9),('Ma0462', '2021-10-16', 14),('Ma0463', '2021-10-18', 15),('Ma0464', '2021-10-16', 11),('Ma0465', '2021-10-18', 10),('Ma0466', '2021-10-16', 14),('Ma0467', '2021-10-18', 16),('Ma0468', '2021-10-18', 9),('Ma0469', '2021-10-18', 14),('Ma0470', '2021-10-16', 10),('Ma0471', '2021-10-16', 11),('Ma0472', '2021-10-16', 14),('Ma0473', '2021-10-17', 10),('Ma0474', '2021-10-16', 16),('Ma0475', '2021-10-19', 10),('Ma0476', '2021-10-16', 10),('Ma0477', '2021-10-19', 10),('Ma0478', '2021-10-16', 13),('Ma0479', '2021-10-19', 8),('Ma0480', '2021-10-16', 9),('Ma0481', '2021-10-18', 13),('Ma0482', '2021-10-19', 14),('Ma0483', '2021-10-16', 14),('Ma0484', '2021-10-17', 16),('Ma0485', '2021-10-17', 11),('Ma0486', '2021-10-19', 16),('Ma0487', '2021-10-17', 16),('Ma0488', '2021-10-19', 9),('Ma0489', '2021-10-19', 11),('Ma0490', '2021-10-17', 12),('Ma0491', '2021-10-18', 12),('Ma0492', '2021-10-19', 13),('Ma0493', '2021-10-18', 13),('Ma0494', '2021-10-19', 8),('Ma0495', '2021-10-19', 15),('Ma0496', '2021-10-17', 16),('Ma0497', '2021-10-18', 14),('Ma0498', '2021-10-18', 11),('Ma0499', '2021-10-17', 14),('Ma0500', '2021-10-19', 9),('Ma0001', '2021-10-14', 14),('Ma0002', '2021-10-14', 12),('Ma0003', '2021-10-12', 10),('Ma0004', '2021-10-12', 12),('Ma0005', '2021-10-13', 10),('Ma0006', '2021-10-12', 9),('Ma0007', '2021-10-13', 9),('Ma0008', '2021-10-13', 9),('Ma0009', '2021-10-13', 15),('Ma0010', '2021-10-13', 8),('Ma0011', '2021-10-14', 10),('Ma0012', '2021-10-12', 11),('Ma0013', '2021-10-14', 10),('Ma0014', '2021-10-12', 13),('Ma0015', '2021-10-13', 13),('Ma0016', '2021-10-12', 14),('Ma0017', '2021-10-14', 12),('Ma0018', '2021-10-14', 10),('Ma0019', '2021-10-14', 13),('Ma0020', '2021-10-13', 13),('Ma0021', '2021-10-12', 10),('Ma0022', '2021-10-12', 16),('Ma0023', '2021-10-13', 8),('Ma0024', '2021-10-12', 16),('Ma0025', '2021-10-13', 8),('Ma0026', '2021-10-13', 8),('Ma0027', '2021-10-14', 14),('Ma0028', '2021-10-12', 8),('Ma0029', '2021-10-12', 14),('Ma0030', '2021-10-14', 15),('Ma0031', '2021-10-12', 8),('Ma0032', '2021-10-13', 16),('Ma0033', '2021-10-13', 10),('Ma0034', '2021-10-13', 11),('Ma0035', '2021-10-12', 15),('Ma0036', '2021-10-13', 10),('Ma0037', '2021-10-13', 11),('Ma0038', '2021-10-14', 8),('Ma0039', '2021-10-13', 14),('Ma0040', '2021-10-14', 16),('Ma0041', '2021-10-12', 15),('Ma0042', '2021-10-12', 9),('Ma0043', '2021-10-13', 8),('Ma0044', '2021-10-13', 14),('Ma0045', '2021-10-13', 10),('Ma0046', '2021-10-12', 16),('Ma0047', '2021-10-14', 12),('Ma0048', '2021-10-13', 12),('Ma0049', '2021-10-12', 14),('Ma0050', '2021-10-12', 15),('Ma0051', '2021-10-12', 12),('Ma0052', '2021-10-13', 15),('Ma0053', '2021-10-13', 14),('Ma0054', '2021-10-13', 8),('Ma0055', '2021-10-12', 11),('Ma0056', '2021-10-12', 12),('Ma0057', '2021-10-13', 10),('Ma0058', '2021-10-12', 8),('Ma0059', '2021-10-12', 9),('Ma0060', '2021-10-13', 13),('Ma0061', '2021-10-13', 16),('Ma0062', '2021-10-13', 13),('Ma0063', '2021-10-14', 8),('Ma0064', '2021-10-14', 8),('Ma0065', '2021-10-13', 9),('Ma0066', '2021-10-12', 16),('Ma0067', '2021-10-12', 14),('Ma0068', '2021-10-13', 11),('Ma0069', '2021-10-14', 10),('Ma0070', '2021-10-14', 15),('Ma0071', '2021-10-14', 8),('Ma0072', '2021-10-12', 16),('Ma0073', '2021-10-12', 16),('Ma0074', '2021-10-14', 10),('Ma0075', '2021-10-14', 13),('Ma0076', '2021-10-14', 11),('Ma0077', '2021-10-13', 13),('Ma0078', '2021-10-13', 15),('Ma0079', '2021-10-14', 8),('Ma0080', '2021-10-13', 12),('Ma0081', '2021-10-14', 14),('Ma0082', '2021-10-14', 8),('Ma0083', '2021-10-12', 15),('Ma0084', '2021-10-12', 14),('Ma0085', '2021-10-14', 16),('Ma0086', '2021-10-14', 11),('Ma0087', '2021-10-14', 9),('Ma0088', '2021-10-13', 16),('Ma0089', '2021-10-12', 16),('Ma0090', '2021-10-12', 16),('Ma0091', '2021-10-14', 12),('Ma0092', '2021-10-14', 12),('Ma0093', '2021-10-12', 11),('Ma0094', '2021-10-13', 13),('Ma0095', '2021-10-13', 8),('Ma0096', '2021-10-12', 9),('Ma0097', '2021-10-13', 16),('Ma0098', '2021-10-13', 15),('Ma0099', '2021-10-13', 12),('Ma0100', '2021-10-12', 16),('Ma0101', '2021-10-13', 9),('Ma0102', '2021-10-14', 9),('Ma0103', '2021-10-12', 15),('Ma0104', '2021-10-12', 9),('Ma0105', '2021-10-12', 14),('Ma0106', '2021-10-12', 8),('Ma0107', '2021-10-13', 13),('Ma0108', '2021-10-14', 10),('Ma0109', '2021-10-14', 10),('Ma0110', '2021-10-12', 10),('Ma0111', '2021-10-12', 10),('Ma0112', '2021-10-13', 16),('Ma0113', '2021-10-13', 16),('Ma0114', '2021-10-12', 8),('Ma0115', '2021-10-13', 12),('Ma0116', '2021-10-14', 14),('Ma0117', '2021-10-12', 13),('Ma0118', '2021-10-12', 16),('Ma0119', '2021-10-13', 9),('Ma0120', '2021-10-13', 12),('Ma0121', '2021-10-12', 15),('Ma0122', '2021-10-12', 9),('Ma0123', '2021-10-12', 10),('Ma0124', '2021-10-13', 14),('Ma0125', '2021-10-12', 9),('Ma0126', '2021-10-14', 10),('Ma0127', '2021-10-12', 15),('Ma0128', '2021-10-13', 14),('Ma0129', '2021-10-12', 15),('Ma0130', '2021-10-13', 11),('Ma0131', '2021-10-13', 10),('Ma0132', '2021-10-13', 11),('Ma0133', '2021-10-13', 13),('Ma0134', '2021-10-13', 16),('Ma0135', '2021-10-14', 9),('Ma0136', '2021-10-14', 10),('Ma0137', '2021-10-13', 9),('Ma0138', '2021-10-13', 12),('Ma0139', '2021-10-12', 15),('Ma0140', '2021-10-13', 10),('Ma0141', '2021-10-13', 8),('Ma0142', '2021-10-13', 8),('Ma0143', '2021-10-14', 15),('Ma0144', '2021-10-12', 15),('Ma0145', '2021-10-13', 13),('Ma0146', '2021-10-14', 14),('Ma0147', '2021-10-12', 8),('Ma0148', '2021-10-12', 15),('Ma0149', '2021-10-13', 11),('Ma0150', '2021-10-14', 8),('Ma0151', '2021-10-14', 9),('Ma0152', '2021-10-14', 12),('Ma0153', '2021-10-13', 12),('Ma0154', '2021-10-12', 13),('Ma0155', '2021-10-14', 15),('Ma0156', '2021-10-14', 9),('Ma0157', '2021-10-14', 14),('Ma0158', '2021-10-13', 11),('Ma0159', '2021-10-14', 11),('Ma0160', '2021-10-12', 8),('Ma0161', '2021-10-13', 10),('Ma0162', '2021-10-13', 15),('Ma0163', '2021-10-14', 14),('Ma0164', '2021-10-14', 15),('Ma0165', '2021-10-12', 8),('Ma0166', '2021-10-14', 13),('Ma0167', '2021-10-12', 12),('Ma0168', '2021-10-12', 14),('Ma0169', '2021-10-14', 9),('Ma0170', '2021-10-14', 12),('Ma0171', '2021-10-13', 9),('Ma0172', '2021-10-14', 16),('Ma0173', '2021-10-14', 10),('Ma0174', '2021-10-13', 10),('Ma0175', '2021-10-14', 13),('Ma0176', '2021-10-13', 10),('Ma0177', '2021-10-14', 13),('Ma0178', '2021-10-13', 16),('Ma0179', '2021-10-12', 11),('Ma0180', '2021-10-14', 8),('Ma0181', '2021-10-14', 8),('Ma0182', '2021-10-13', 12),('Ma0183', '2021-10-12', 11),('Ma0184', '2021-10-14', 15),('Ma0185', '2021-10-12', 8),('Ma0186', '2021-10-14', 14),('Ma0187', '2021-10-13', 13),('Ma0188', '2021-10-13', 13),('Ma0189', '2021-10-14', 12),('Ma0190', '2021-10-14', 12),('Ma0191', '2021-10-14', 16),('Ma0192', '2021-10-14', 13),
('Ma0194', '2021-10-13', 16),('Ma0195', '2021-10-13', 14),('Ma0196', '2021-10-14', 8),('Ma0197', '2021-10-14', 15),('Ma0198', '2021-10-13', 13),('Ma0199', '2021-10-13', 13),('Ma0200', '2021-10-14', 11),('Ma0201', '2021-10-12', 12),('Ma0202', '2021-10-12', 8),('Ma0203', '2021-10-14', 11),('Ma0204', '2021-10-13', 12),('Ma0205', '2021-10-14', 10),('Ma0206', '2021-10-13', 11),('Ma0207', '2021-10-13', 12),('Ma0208', '2021-10-13', 14),('Ma0209', '2021-10-13', 13),('Ma0210', '2021-10-14', 12),('Ma0211', '2021-10-12', 9),('Ma0212', '2021-10-14', 11),('Ma0213', '2021-10-13', 9),('Ma0214', '2021-10-14', 15),('Ma0215', '2021-10-14', 15),('Ma0216', '2021-10-14', 12),('Ma0217', '2021-10-14', 12),('Ma0218', '2021-10-13', 14),('Ma0219', '2021-10-13', 12),('Ma0220', '2021-10-14', 8),('Ma0221', '2021-10-14', 13),('Ma0222', '2021-10-12', 15),('Ma0223', '2021-10-12', 10),('Ma0224', '2021-10-14', 16),('Ma0225', '2021-10-12', 9),('Ma0226', '2021-10-13', 16),('Ma0227', '2021-10-13', 9),('Ma0228', '2021-10-12', 14),('Ma0229', '2021-10-14', 10),('Ma0230', '2021-10-14', 15),('Ma0231', '2021-10-13', 11),('Ma0232', '2021-10-13', 12),('Ma0233', '2021-10-13', 8),('Ma0234', '2021-10-13', 15),('Ma0235', '2021-10-14', 12),('Ma0236', '2021-10-14', 11),('Ma0237', '2021-10-13', 15),('Ma0238', '2021-10-14', 11),('Ma0239', '2021-10-13', 11),('Ma0240', '2021-10-14', 15),('Ma0241', '2021-10-13', 13),('Ma0242', '2021-10-12', 11),('Ma0243', '2021-10-12', 16),('Ma0244', '2021-10-14', 10),('Ma0245', '2021-10-14', 11),('Ma0246', '2021-10-12', 16),('Ma0247', '2021-10-14', 15),('Ma0248', '2021-10-12', 14),('Ma0249', '2021-10-12', 10),('Ma0250', '2021-10-13', 9),('Ma0251', '2021-10-12', 10),('Ma0252', '2021-10-12', 9),('Ma0253', '2021-10-13', 9),('Ma0254', '2021-10-13', 8),('Ma0255', '2021-10-14', 12),('Ma0256', '2021-10-13', 13),('Ma0257', '2021-10-13', 9),('Ma0258', '2021-10-12', 9),('Ma0259', '2021-10-12', 14),('Ma0260', '2021-10-13', 14),('Ma0261', '2021-10-14', 14),('Ma0262', '2021-10-12', 10),('Ma0263', '2021-10-14', 14),('Ma0264', '2021-10-13', 10),('Ma0265', '2021-10-14', 15),('Ma0266', '2021-10-12', 9),('Ma0267', '2021-10-13', 14),('Ma0268', '2021-10-14', 13),('Ma0269', '2021-10-14', 14),('Ma0270', '2021-10-14', 13),('Ma0271', '2021-10-14', 8),('Ma0272', '2021-10-12', 16),('Ma0273', '2021-10-13', 9),('Ma0274', '2021-10-13', 9),('Ma0275', '2021-10-12', 13),('Ma0276', '2021-10-12', 9),('Ma0277', '2021-10-13', 9),('Ma0278', '2021-10-13', 16),('Ma0279', '2021-10-14', 16),('Ma0280', '2021-10-12', 16),('Ma0281', '2021-10-13', 13),('Ma0282', '2021-10-12', 16),('Ma0283', '2021-10-14', 8),('Ma0284', '2021-10-14', 15),('Ma0285', '2021-10-12', 11),('Ma0286', '2021-10-12', 11),('Ma0287', '2021-10-12', 8),('Ma0288', '2021-10-14', 10),('Ma0289', '2021-10-13', 16),('Ma0290', '2021-10-12', 8),('Ma0291', '2021-10-14', 8),('Ma0292', '2021-10-13', 13),('Ma0293', '2021-10-14', 11),('Ma0294', '2021-10-14', 13),('Ma0295', '2021-10-14', 10),('Ma0296', '2021-10-12', 16),('Ma0297', '2021-10-14', 14),('Ma0298', '2021-10-13', 15),('Ma0299', '2021-10-14', 16),('Ma0300', '2021-10-13', 15),('Ma0301', '2021-10-12', 10),('Ma0302', '2021-10-13', 11),('Ma0303', '2021-10-14', 13),('Ma0304', '2021-10-12', 8),('Ma0305', '2021-10-14', 9),('Ma0306', '2021-10-14', 8),('Ma0307', '2021-10-12', 8),('Ma0308', '2021-10-13', 15),('Ma0309', '2021-10-13', 9),('Ma0310', '2021-10-12', 14),('Ma0311', '2021-10-13', 8),('Ma0312', '2021-10-12', 9),('Ma0313', '2021-10-12', 8),('Ma0314', '2021-10-12', 13),('Ma0315', '2021-10-12', 14),('Ma0316', '2021-10-12', 15),('Ma0317', '2021-10-12', 8),('Ma0318', '2021-10-14', 15),('Ma0319', '2021-10-14', 10),('Ma0320', '2021-10-13', 16),('Ma0321', '2021-10-13', 10),('Ma0322', '2021-10-13', 9),('Ma0323', '2021-10-13', 12),('Ma0324', '2021-10-14', 16),('Ma0325', '2021-10-14', 15),('Ma0326', '2021-10-14', 12),('Ma0327', '2021-10-12', 12),('Ma0328', '2021-10-13', 11),('Ma0329', '2021-10-12', 15),('Ma0330', '2021-10-12', 16),('Ma0331', '2021-10-12', 9),('Ma0332', '2021-10-12', 12),('Ma0333', '2021-10-12', 14),('Ma0334', '2021-10-12', 14),('Ma0335', '2021-10-14', 14),('Ma0336', '2021-10-13', 8),('Ma0337', '2021-10-14', 15),('Ma0338', '2021-10-12', 8),('Ma0339', '2021-10-14', 14),('Ma0340', '2021-10-13', 8),('Ma0341', '2021-10-13', 11),('Ma0342', '2021-10-14', 12),('Ma0343', '2021-10-14', 12),('Ma0344', '2021-10-14', 8),('Ma0345', '2021-10-14', 9),('Ma0346', '2021-10-13', 12),('Ma0347', '2021-10-14', 15),('Ma0348', '2021-10-12', 16),('Ma0349', '2021-10-14', 16),('Ma0350', '2021-10-12', 10),('Ma0351', '2021-10-12', 9),('Ma0352', '2021-10-12', 11),('Ma0353', '2021-10-14', 14),('Ma0354', '2021-10-12', 11),('Ma0355', '2021-10-14', 10),('Ma0356', '2021-10-12', 8),('Ma0357', '2021-10-13', 12),('Ma0358', '2021-10-14', 12),('Ma0359', '2021-10-12', 13),('Ma0360', '2021-10-14', 16),('Ma0361', '2021-10-14', 8),('Ma0362', '2021-10-12', 14),('Ma0363', '2021-10-14', 16),('Ma0364', '2021-10-14', 12),('Ma0365', '2021-10-13', 12),('Ma0366', '2021-10-12', 10),('Ma0367', '2021-10-12', 12),('Ma0368', '2021-10-13', 13),('Ma0369', '2021-10-14', 8),('Ma0370', '2021-10-14', 16),('Ma0371', '2021-10-12', 11),('Ma0372', '2021-10-14', 10),('Ma0373', '2021-10-14', 14),('Ma0374', '2021-10-14', 14),('Ma0375', '2021-10-12', 15),('Ma0376', '2021-10-13', 10),('Ma0377', '2021-10-12', 10),('Ma0378', '2021-10-12', 10),('Ma0379', '2021-10-14', 14),('Ma0380', '2021-10-14', 12),('Ma0381', '2021-10-12', 8),('Ma0382', '2021-10-14', 13),('Ma0383', '2021-10-12', 14),('Ma0384', '2021-10-14', 15),('Ma0385', '2021-10-12', 8),('Ma0386', '2021-10-13', 14),('Ma0387', '2021-10-13', 16),('Ma0388', '2021-10-14', 13),('Ma0389', '2021-10-13', 9),('Ma0390', '2021-10-13', 16),('Ma0391', '2021-10-12', 9),('Ma0392', '2021-10-14', 12),('Ma0393', '2021-10-12', 15),('Ma0394', '2021-10-13', 15),('Ma0395', '2021-10-14', 13),('Ma0396', '2021-10-14', 15),('Ma0397', '2021-10-13', 8),('Ma0398', '2021-10-13', 14),('Ma0399', '2021-10-13', 13),('Ma0400', '2021-10-12', 16),('Ma0401', '2021-10-14', 10),('Ma0402', '2021-10-12', 9),('Ma0403', '2021-10-13', 12),('Ma0404', '2021-10-12', 11),('Ma0405', '2021-10-14', 10),('Ma0406', '2021-10-13', 14),('Ma0407', '2021-10-13', 16),('Ma0408', '2021-10-13', 13),('Ma0409', '2021-10-12', 11),('Ma0410', '2021-10-14', 16),('Ma0411', '2021-10-13', 13),('Ma0412', '2021-10-13', 12),('Ma0413', '2021-10-13', 11),('Ma0414', '2021-10-12', 13),('Ma0415', '2021-10-12', 9),('Ma0416', '2021-10-14', 16),('Ma0417', '2021-10-13', 10),('Ma0418', '2021-10-12', 16),('Ma0419', '2021-10-13', 9),('Ma0420', '2021-10-14', 13),('Ma0421', '2021-10-14', 12),('Ma0422', '2021-10-14', 10),('Ma0423', '2021-10-12', 8),('Ma0424', '2021-10-13', 9),('Ma0425', '2021-10-12', 14),('Ma0426', '2021-10-12', 12),('Ma0427', '2021-10-13', 16),('Ma0428', '2021-10-13', 13),('Ma0429', '2021-10-13', 10),('Ma0430', '2021-10-12', 9),('Ma0431', '2021-10-13', 8),('Ma0432', '2021-10-12', 9),('Ma0433', '2021-10-13', 11),('Ma0434', '2021-10-14', 13),('Ma0435', '2021-10-13', 8),('Ma0436', '2021-10-14', 13),('Ma0437', '2021-10-13', 12),('Ma0438', '2021-10-14', 10),('Ma0439', '2021-10-14', 9),('Ma0440', '2021-10-13', 14),('Ma0441', '2021-10-13', 14),('Ma0442', '2021-10-13', 16),('Ma0443', '2021-10-12', 9),('Ma0444', '2021-10-13', 14),('Ma0445', '2021-10-13', 15),('Ma0446', '2021-10-14', 12),('Ma0447', '2021-10-13', 9),('Ma0448', '2021-10-12', 9),('Ma0449', '2021-10-14', 10),('Ma0450', '2021-10-13', 10),('Ma0451', '2021-10-12', 9),('Ma0452', '2021-10-13', 16),('Ma0453', '2021-10-14', 8),('Ma0454', '2021-10-14', 9),('Ma0455', '2021-10-13', 16),('Ma0456', '2021-10-14', 13),('Ma0457', '2021-10-14', 12),('Ma0458', '2021-10-13', 8),('Ma0459', '2021-10-13', 15),('Ma0460', '2021-10-12', 13),('Ma0461', '2021-10-13', 9),('Ma0462', '2021-10-13', 11),('Ma0463', '2021-10-12', 8),('Ma0464', '2021-10-12', 10),('Ma0465', '2021-10-14', 16),('Ma0466', '2021-10-14', 10),('Ma0467', '2021-10-12', 8),('Ma0468', '2021-10-14', 9),('Ma0469', '2021-10-13', 12),('Ma0470', '2021-10-13', 16),('Ma0471', '2021-10-12', 13),('Ma0472', '2021-10-14', 16),('Ma0473', '2021-10-13', 9),('Ma0474', '2021-10-13', 16),('Ma0475', '2021-10-14', 10),('Ma0476', '2021-10-12', 15),('Ma0477', '2021-10-12', 10),('Ma0478', '2021-10-12', 16),('Ma0479', '2021-10-13', 8),('Ma0480', '2021-10-12', 15),('Ma0481', '2021-10-14', 16),('Ma0482', '2021-10-12', 13),('Ma0483', '2021-10-13', 10),('Ma0484', '2021-10-14', 11),('Ma0485', '2021-10-13', 8),('Ma0486', '2021-10-12', 14),('Ma0487', '2021-10-13', 8),('Ma0488', '2021-10-13', 16),('Ma0489', '2021-10-13', 11),('Ma0490', '2021-10-12', 10),('Ma0491', '2021-10-13', 14),('Ma0492', '2021-10-13', 10),('Ma0493', '2021-10-13', 16),('Ma0494', '2021-10-14', 14),('Ma0495', '2021-10-12', 9),('Ma0496', '2021-10-12', 8),('Ma0497', '2021-10-14', 8),('Ma0498', '2021-10-12', 12),('Ma0499', '2021-10-14', 11),('Ma0500', '2021-10-13', 11),('Ma0001', '2021-10-09', 9),('Ma0002', '2021-10-09', 14),('Ma0003', '2021-10-10', 11),('Ma0004', '2021-10-08', 11),('Ma0005', '2021-10-08', 14),('Ma0006', '2021-10-08', 12),('Ma0007', '2021-10-08', 9),('Ma0008', '2021-10-09', 16),('Ma0009', '2021-10-08', 16),('Ma0010', '2021-10-10', 9),('Ma0011', '2021-10-08', 13),('Ma0012', '2021-10-08', 10),('Ma0013', '2021-10-10', 14),('Ma0014', '2021-10-09', 13),('Ma0015', '2021-10-10', 8),('Ma0016', '2021-10-08', 9),('Ma0017', '2021-10-08', 8),('Ma0018', '2021-10-09', 14),('Ma0019', '2021-10-09', 12),('Ma0020', '2021-10-10', 13),('Ma0021', '2021-10-09', 10),('Ma0022', '2021-10-09', 15),('Ma0023', '2021-10-08', 13),('Ma0024', '2021-10-10', 11),('Ma0025', '2021-10-10', 14),('Ma0026', '2021-10-08', 10),('Ma0027', '2021-10-09', 13),('Ma0028', '2021-10-10', 9),('Ma0029', '2021-10-08', 14),('Ma0030', '2021-10-08', 12),('Ma0031', '2021-10-08', 10),('Ma0032', '2021-10-08', 11),('Ma0033', '2021-10-08', 8),('Ma0034', '2021-10-09', 13),('Ma0035', '2021-10-10', 14),('Ma0036', '2021-10-09', 10),('Ma0037', '2021-10-09', 16),('Ma0038', '2021-10-09', 11),('Ma0039', '2021-10-09', 8),('Ma0040', '2021-10-10', 14),
('Ma0041', '2021-10-10', 9),('Ma0042', '2021-10-09', 14),('Ma0043', '2021-10-09', 14),('Ma0044', '2021-10-09', 9),('Ma0045', '2021-10-08', 12),('Ma0046', '2021-10-10', 8),('Ma0047', '2021-10-10', 15),('Ma0048', '2021-10-10', 16),('Ma0049', '2021-10-10', 14),('Ma0050', '2021-10-09', 12),('Ma0051', '2021-10-09', 16),('Ma0052', '2021-10-10', 8),('Ma0053', '2021-10-09', 16),('Ma0054', '2021-10-08', 15),('Ma0055', '2021-10-08', 15),('Ma0056', '2021-10-10', 15),('Ma0057', '2021-10-10', 10),('Ma0058', '2021-10-10', 10),('Ma0059', '2021-10-10', 13),('Ma0060', '2021-10-08', 11),('Ma0061', '2021-10-10', 11),('Ma0062', '2021-10-10', 9),('Ma0063', '2021-10-09', 11),('Ma0064', '2021-10-09', 14),('Ma0065', '2021-10-09', 13),('Ma0066', '2021-10-08', 12),('Ma0067', '2021-10-09', 10),('Ma0068', '2021-10-08', 11),('Ma0069', '2021-10-10', 16),('Ma0070', '2021-10-08', 12),('Ma0071', '2021-10-09', 13),('Ma0072', '2021-10-08', 14),('Ma0073', '2021-10-10', 12),('Ma0074', '2021-10-09', 13),('Ma0075', '2021-10-10', 16),('Ma0076', '2021-10-08', 11),('Ma0077', '2021-10-10', 14),('Ma0078', '2021-10-09', 14),('Ma0079', '2021-10-10', 11),('Ma0080', '2021-10-09', 13),('Ma0081', '2021-10-09', 10),('Ma0082', '2021-10-10', 9),('Ma0083', '2021-10-09', 13),('Ma0084', '2021-10-08', 8),('Ma0085', '2021-10-10', 16),('Ma0086', '2021-10-08', 14),('Ma0087', '2021-10-08', 9),('Ma0088', '2021-10-09', 15),('Ma0089', '2021-10-09', 10),('Ma0090', '2021-10-10', 8),('Ma0091', '2021-10-09', 12),('Ma0092', '2021-10-09', 9),('Ma0093', '2021-10-09', 15),('Ma0094', '2021-10-10', 15),('Ma0095', '2021-10-10', 11),('Ma0096', '2021-10-10', 12),('Ma0097', '2021-10-08', 14),('Ma0098', '2021-10-10', 13),('Ma0099', '2021-10-09', 10),('Ma0100', '2021-10-09', 12),('Ma0101', '2021-10-08', 13),('Ma0102', '2021-10-10', 9),('Ma0103', '2021-10-09', 14),('Ma0104', '2021-10-09', 12),('Ma0105', '2021-10-10', 15),('Ma0106', '2021-10-08', 8),('Ma0107', '2021-10-10', 16),('Ma0108', '2021-10-09', 10),('Ma0109', '2021-10-10', 13),('Ma0110', '2021-10-08', 15),('Ma0111', '2021-10-08', 8),('Ma0112', '2021-10-09', 13),('Ma0113', '2021-10-09', 12),('Ma0114', '2021-10-09', 16),('Ma0115', '2021-10-08', 16),('Ma0116', '2021-10-08', 9),('Ma0117', '2021-10-10', 11),('Ma0118', '2021-10-10', 14),('Ma0119', '2021-10-08', 11),('Ma0120', '2021-10-09', 8),('Ma0121', '2021-10-10', 12),('Ma0122', '2021-10-09', 15),('Ma0123', '2021-10-10', 11),('Ma0124', '2021-10-10', 11),('Ma0125', '2021-10-09', 12),('Ma0126', '2021-10-08', 11),('Ma0127', '2021-10-10', 8),('Ma0128', '2021-10-09', 12),('Ma0129', '2021-10-09', 13),('Ma0130', '2021-10-09', 8),('Ma0131', '2021-10-08', 9),('Ma0132', '2021-10-09', 13),('Ma0133', '2021-10-09', 10),('Ma0134', '2021-10-09', 10),('Ma0135', '2021-10-09', 13),('Ma0136', '2021-10-09', 8),('Ma0137', '2021-10-09', 13),('Ma0138', '2021-10-10', 16),('Ma0139', '2021-10-08', 10),('Ma0140', '2021-10-08', 16),('Ma0141', '2021-10-10', 8),('Ma0142', '2021-10-10', 8),('Ma0143', '2021-10-09', 8),('Ma0144', '2021-10-09', 15),('Ma0145', '2021-10-08', 14),('Ma0146', '2021-10-10', 15),('Ma0147', '2021-10-09', 9),('Ma0148', '2021-10-08', 9),('Ma0149', '2021-10-09', 9),('Ma0150', '2021-10-10', 13),('Ma0151', '2021-10-09', 13),('Ma0152', '2021-10-09', 12),('Ma0153', '2021-10-09', 10),('Ma0154', '2021-10-10', 8),('Ma0155', '2021-10-10', 13),('Ma0156', '2021-10-08', 11),('Ma0157', '2021-10-08', 8),('Ma0158', '2021-10-09', 8),('Ma0159', '2021-10-09', 16),('Ma0160', '2021-10-09', 14),('Ma0161', '2021-10-10', 11),('Ma0162', '2021-10-08', 15),('Ma0163', '2021-10-08', 16),('Ma0164', '2021-10-08', 12),('Ma0165', '2021-10-09', 11),('Ma0166', '2021-10-08', 14),('Ma0167', '2021-10-08', 12),('Ma0168', '2021-10-10', 10),('Ma0169', '2021-10-08', 10),('Ma0170', '2021-10-10', 8),('Ma0171', '2021-10-08', 8),('Ma0172', '2021-10-08', 14),('Ma0173', '2021-10-08', 13),('Ma0174', '2021-10-10', 11),('Ma0175', '2021-10-10', 14),('Ma0176', '2021-10-10', 9),('Ma0177', '2021-10-08', 11),('Ma0178', '2021-10-10', 11),('Ma0179', '2021-10-09', 13),('Ma0180', '2021-10-09', 14),('Ma0181', '2021-10-10', 15),('Ma0182', '2021-10-10', 14),('Ma0183', '2021-10-10', 15),('Ma0184', '2021-10-08', 9),('Ma0185', '2021-10-08', 8),('Ma0186', '2021-10-09', 9),('Ma0187', '2021-10-09', 13),('Ma0188', '2021-10-09', 13),('Ma0189', '2021-10-10', 8),('Ma0190', '2021-10-10', 10),('Ma0191', '2021-10-09', 8),('Ma0192', '2021-10-09', 12),('Ma0193', '2021-10-08', 10),('Ma0194', '2021-10-08', 14),('Ma0195', '2021-10-08', 11),('Ma0196', '2021-10-09', 16),('Ma0197', '2021-10-09', 9),('Ma0198', '2021-10-10', 9),('Ma0199', '2021-10-10', 12),('Ma0200', '2021-10-08', 11),('Ma0201', '2021-10-09', 13),('Ma0202', '2021-10-09', 13),('Ma0203', '2021-10-08', 9),('Ma0204', '2021-10-08', 10),('Ma0205', '2021-10-10', 9),('Ma0206', '2021-10-10', 16),('Ma0207', '2021-10-08', 16),('Ma0208', '2021-10-10', 11),('Ma0209', '2021-10-08', 9),('Ma0210', '2021-10-10', 13),('Ma0211', '2021-10-09', 13),('Ma0212', '2021-10-10', 14),('Ma0213', '2021-10-09', 14),('Ma0214', '2021-10-08', 11),('Ma0215', '2021-10-08', 12),('Ma0216', '2021-10-08', 11),('Ma0217', '2021-10-08', 8),('Ma0218', '2021-10-10', 12),('Ma0219', '2021-10-09', 15),('Ma0220', '2021-10-10', 13),('Ma0221', '2021-10-10', 10),('Ma0222', '2021-10-09', 9),('Ma0223', '2021-10-08', 13),('Ma0224', '2021-10-10', 11),('Ma0225', '2021-10-10', 9),('Ma0226', '2021-10-09', 14),('Ma0227', '2021-10-09', 8),('Ma0228', '2021-10-08', 14),('Ma0229', '2021-10-09', 11),('Ma0230', '2021-10-08', 15),('Ma0231', '2021-10-09', 13),('Ma0232', '2021-10-10', 14),('Ma0233', '2021-10-10', 9),('Ma0234', '2021-10-10', 12),('Ma0235', '2021-10-10', 14),('Ma0236', '2021-10-08', 11),('Ma0237', '2021-10-10', 9),('Ma0238', '2021-10-09', 15),('Ma0239', '2021-10-08', 15),('Ma0240', '2021-10-08', 12),('Ma0241', '2021-10-09', 9),('Ma0242', '2021-10-10', 16),('Ma0243', '2021-10-08', 12),('Ma0244', '2021-10-10', 11),('Ma0245', '2021-10-08', 14),('Ma0246', '2021-10-08', 16),('Ma0247', '2021-10-09', 16),('Ma0248', '2021-10-09', 9),('Ma0249', '2021-10-08', 16),('Ma0250', '2021-10-09', 13),('Ma0251', '2021-10-08', 11),('Ma0252', '2021-10-10', 16),('Ma0253', '2021-10-10', 11),('Ma0254', '2021-10-09', 8),('Ma0255', '2021-10-08', 8),('Ma0256', '2021-10-10', 9),('Ma0257', '2021-10-10', 8),('Ma0258', '2021-10-09', 12),('Ma0259', '2021-10-09', 15),('Ma0260', '2021-10-08', 9),('Ma0261', '2021-10-08', 16),('Ma0262', '2021-10-08', 9),('Ma0263', '2021-10-08', 11),('Ma0264', '2021-10-09', 15),('Ma0265', '2021-10-09', 8),('Ma0266', '2021-10-08', 10),('Ma0267', '2021-10-09', 9),('Ma0268', '2021-10-08', 8),('Ma0269', '2021-10-09', 8),('Ma0270', '2021-10-08', 12),('Ma0271', '2021-10-10', 15),('Ma0272', '2021-10-09', 12),('Ma0273', '2021-10-10', 10),('Ma0274', '2021-10-08', 9),('Ma0275', '2021-10-09', 12),('Ma0276', '2021-10-10', 9),('Ma0277', '2021-10-10', 16),('Ma0278', '2021-10-10', 12),('Ma0279', '2021-10-10', 16),('Ma0280', '2021-10-08', 15),('Ma0281', '2021-10-08', 15),('Ma0282', '2021-10-09', 12),('Ma0283', '2021-10-10', 12),('Ma0284', '2021-10-10', 9),('Ma0285', '2021-10-10', 15),('Ma0286', '2021-10-10', 15),('Ma0287', '2021-10-10', 14),('Ma0288', '2021-10-09', 10),('Ma0289', '2021-10-10', 13),('Ma0290', '2021-10-10', 16),('Ma0291', '2021-10-10', 11),('Ma0292', '2021-10-09', 12),('Ma0293', '2021-10-09', 11),('Ma0294', '2021-10-08', 12),('Ma0295', '2021-10-08', 9),('Ma0296', '2021-10-10', 8),('Ma0297', '2021-10-10', 14),('Ma0298', '2021-10-10', 9),('Ma0299', '2021-10-10', 15),('Ma0300', '2021-10-08', 15),('Ma0301', '2021-10-08', 14),('Ma0302', '2021-10-10', 16),('Ma0303', '2021-10-10', 14),('Ma0304', '2021-10-08', 8),('Ma0305', '2021-10-10', 8),('Ma0306', '2021-10-09', 11),('Ma0307', '2021-10-09', 11),('Ma0308', '2021-10-08', 9),('Ma0309', '2021-10-08', 8),('Ma0310', '2021-10-08', 14),('Ma0311', '2021-10-08', 11),('Ma0312', '2021-10-10', 11),('Ma0313', '2021-10-10', 16),('Ma0314', '2021-10-09', 15),('Ma0315', '2021-10-08', 12),('Ma0316', '2021-10-10', 10),('Ma0317', '2021-10-09', 12),('Ma0318', '2021-10-09', 15),('Ma0319', '2021-10-08', 15),('Ma0320', '2021-10-08', 10),('Ma0321', '2021-10-09', 14),('Ma0322', '2021-10-08', 11),('Ma0323', '2021-10-09', 13),('Ma0324', '2021-10-09', 10),('Ma0325', '2021-10-10', 13),('Ma0326', '2021-10-09', 15),('Ma0327', '2021-10-10', 14),('Ma0328', '2021-10-09', 9),('Ma0329', '2021-10-08', 9),('Ma0330', '2021-10-10', 12),('Ma0331', '2021-10-08', 10),('Ma0332', '2021-10-10', 12),('Ma0333', '2021-10-09', 14),('Ma0334', '2021-10-10', 14),('Ma0335', '2021-10-08', 16),('Ma0336', '2021-10-10', 9),('Ma0337', '2021-10-09', 10),('Ma0338', '2021-10-08', 13),('Ma0339', '2021-10-08', 12),('Ma0340', '2021-10-08', 12),('Ma0341', '2021-10-10', 12),('Ma0342', '2021-10-10', 11),('Ma0343', '2021-10-10', 8),('Ma0344', '2021-10-08', 10),('Ma0345', '2021-10-08', 11),('Ma0346', '2021-10-09', 16),('Ma0347', '2021-10-09', 8),('Ma0348', '2021-10-10', 13),('Ma0349', '2021-10-10', 12),('Ma0350', '2021-10-10', 10),('Ma0351', '2021-10-09', 9),('Ma0352', '2021-10-09', 9),('Ma0353', '2021-10-09', 8),('Ma0354', '2021-10-09', 11),('Ma0355', '2021-10-09', 10),('Ma0356', '2021-10-10', 11),('Ma0357', '2021-10-08', 10),('Ma0358', '2021-10-10', 9),('Ma0359', '2021-10-08', 15),('Ma0360', '2021-10-08', 15),('Ma0361', '2021-10-09', 13),('Ma0362', '2021-10-09', 11),('Ma0363', '2021-10-10', 10),('Ma0364', '2021-10-10', 11),('Ma0365', '2021-10-09', 8),('Ma0366', '2021-10-08', 15),('Ma0367', '2021-10-10', 9),('Ma0368', '2021-10-10', 16),('Ma0369', '2021-10-09', 11),('Ma0370', '2021-10-09', 12),('Ma0371', '2021-10-09', 8),('Ma0372', '2021-10-08', 15),('Ma0373', '2021-10-09', 8),('Ma0374', '2021-10-10', 13),('Ma0375', '2021-10-10', 8),('Ma0376', '2021-10-08', 10),('Ma0377', '2021-10-08', 11),('Ma0378', '2021-10-08', 10),('Ma0379', '2021-10-10', 8),('Ma0380', '2021-10-08', 16),('Ma0381', '2021-10-10', 9),('Ma0382', '2021-10-08', 15),('Ma0383', '2021-10-08', 13),('Ma0384', '2021-10-10', 15),('Ma0385', '2021-10-08', 16),('Ma0386', '2021-10-08', 15),('Ma0387', '2021-10-09', 15),
('Ma0388', '2021-10-08', 10),('Ma0389', '2021-10-08', 13),('Ma0390', '2021-10-08', 13),('Ma0391', '2021-10-08', 11),('Ma0392', '2021-10-09', 16),('Ma0393', '2021-10-09', 11),('Ma0394', '2021-10-08', 9),('Ma0395', '2021-10-10', 10),('Ma0396', '2021-10-08', 13),('Ma0397', '2021-10-09', 14),('Ma0398', '2021-10-10', 14),('Ma0399', '2021-10-09', 10),('Ma0400', '2021-10-08', 11),('Ma0401', '2021-10-10', 16),('Ma0402', '2021-10-10', 9),('Ma0403', '2021-10-08', 15),('Ma0404', '2021-10-08', 11),('Ma0405', '2021-10-08', 8),('Ma0406', '2021-10-08', 15),('Ma0407', '2021-10-08', 12),('Ma0408', '2021-10-10', 12),('Ma0409', '2021-10-09', 10),('Ma0410', '2021-10-10', 8),('Ma0411', '2021-10-10', 11),('Ma0412', '2021-10-10', 10),('Ma0413', '2021-10-09', 14),('Ma0414', '2021-10-08', 13),('Ma0415', '2021-10-10', 15),('Ma0416', '2021-10-10', 10),('Ma0417', '2021-10-08', 10),('Ma0418', '2021-10-10', 10),('Ma0419', '2021-10-10', 11),('Ma0420', '2021-10-10', 8),('Ma0421', '2021-10-10', 14),('Ma0422', '2021-10-08', 13),('Ma0423', '2021-10-09', 15),('Ma0424', '2021-10-08', 8),('Ma0425', '2021-10-09', 8),('Ma0426', '2021-10-08', 11),('Ma0427', '2021-10-10', 8),('Ma0428', '2021-10-09', 9),('Ma0429', '2021-10-08', 14),('Ma0430', '2021-10-10', 14),('Ma0431', '2021-10-10', 15),('Ma0432', '2021-10-09', 16),('Ma0433', '2021-10-10', 12),('Ma0434', '2021-10-08', 16),('Ma0435', '2021-10-10', 14),('Ma0436', '2021-10-09', 15),('Ma0437', '2021-10-08', 9),('Ma0438', '2021-10-09', 14),('Ma0439', '2021-10-09', 8),('Ma0440', '2021-10-09', 12),('Ma0441', '2021-10-09', 14),('Ma0442', '2021-10-10', 14),('Ma0443', '2021-10-09', 11),('Ma0444', '2021-10-10', 9),('Ma0445', '2021-10-10', 12),('Ma0446', '2021-10-10', 16),('Ma0447', '2021-10-08', 10),('Ma0448', '2021-10-09', 15),('Ma0449', '2021-10-09', 14),('Ma0450', '2021-10-09', 8),('Ma0451', '2021-10-08', 15),('Ma0452', '2021-10-08', 14),('Ma0453', '2021-10-10', 11),('Ma0454', '2021-10-08', 9),('Ma0455', '2021-10-10', 12),('Ma0456', '2021-10-10', 15),('Ma0457', '2021-10-10', 11),('Ma0458', '2021-10-10', 15),('Ma0459', '2021-10-09', 12),('Ma0460', '2021-10-10', 13),('Ma0461', '2021-10-08', 16),('Ma0462', '2021-10-10', 13),('Ma0463', '2021-10-09', 16),('Ma0464', '2021-10-10', 13),('Ma0465', '2021-10-10', 12),('Ma0466', '2021-10-08', 11),('Ma0467', '2021-10-09', 11),('Ma0468', '2021-10-08', 13),('Ma0469', '2021-10-09', 13),('Ma0470', '2021-10-08', 15),('Ma0471', '2021-10-08', 15),('Ma0472', '2021-10-08', 12),('Ma0473', '2021-10-08', 12),('Ma0474', '2021-10-10', 11),('Ma0475', '2021-10-10', 12),('Ma0476', '2021-10-09', 8),('Ma0477', '2021-10-09', 11),('Ma0478', '2021-10-09', 16),('Ma0479', '2021-10-10', 14),('Ma0480', '2021-10-10', 16),('Ma0481', '2021-10-10', 13),('Ma0482', '2021-10-10', 16),('Ma0483', '2021-10-09', 12),('Ma0484', '2021-10-10', 13),('Ma0485', '2021-10-08', 12),('Ma0486', '2021-10-10', 11),('Ma0487', '2021-10-08', 12),('Ma0488', '2021-10-09', 10),('Ma0489', '2021-10-09', 12),('Ma0490', '2021-10-09', 15),('Ma0491', '2021-10-08', 13),('Ma0492', '2021-10-10', 10),('Ma0493', '2021-10-09', 16),('Ma0494', '2021-10-08', 11),('Ma0495', '2021-10-10', 8),('Ma0496', '2021-10-09', 15),('Ma0497', '2021-10-10', 11),('Ma0498', '2021-10-08', 9),('Ma0499', '2021-10-09', 14),('Ma0500', '2021-10-10', 12),('Ma0001', '2021-10-05', 14),('Ma0002', '2021-10-06', 9),('Ma0003', '2021-10-05', 9),('Ma0004', '2021-10-06', 8),('Ma0005', '2021-10-06', 11),('Ma0006', '2021-10-05', 10),('Ma0007', '2021-10-06', 16),('Ma0008', '2021-10-05', 8),('Ma0009', '2021-10-04', 11),('Ma0010', '2021-10-06', 13),('Ma0011', '2021-10-06', 12),('Ma0012', '2021-10-04', 8),('Ma0013', '2021-10-04', 14),('Ma0014', '2021-10-06', 15),('Ma0015', '2021-10-06', 9),('Ma0016', '2021-10-06', 12),('Ma0017', '2021-10-05', 15),('Ma0018', '2021-10-06', 8),('Ma0019', '2021-10-05', 10),('Ma0020', '2021-10-04', 10),('Ma0021', '2021-10-05', 13),('Ma0022', '2021-10-05', 15),('Ma0023', '2021-10-06', 15),('Ma0024', '2021-10-04', 9),('Ma0025', '2021-10-04', 13),('Ma0026', '2021-10-06', 13),('Ma0027', '2021-10-04', 13),('Ma0028', '2021-10-06', 13),('Ma0029', '2021-10-06', 16),('Ma0030', '2021-10-06', 15),('Ma0031', '2021-10-04', 12),('Ma0032', '2021-10-05', 12),('Ma0033', '2021-10-05', 8),('Ma0034', '2021-10-04', 10),('Ma0035', '2021-10-05', 14),('Ma0036', '2021-10-04', 10),('Ma0037', '2021-10-05', 13),('Ma0038', '2021-10-05', 12),('Ma0039', '2021-10-04', 12),('Ma0040', '2021-10-05', 15),('Ma0041', '2021-10-04', 9),('Ma0042', '2021-10-04', 12),('Ma0043', '2021-10-05', 8),('Ma0044', '2021-10-05', 8),('Ma0045', '2021-10-04', 11),('Ma0046', '2021-10-05', 14),('Ma0047', '2021-10-04', 9),('Ma0048', '2021-10-04', 12),('Ma0049', '2021-10-05', 16),('Ma0050', '2021-10-04', 12),('Ma0051', '2021-10-04', 11),('Ma0052', '2021-10-04', 10),('Ma0053', '2021-10-04', 15),('Ma0054', '2021-10-06', 8),('Ma0055', '2021-10-04', 15),('Ma0056', '2021-10-04', 13),('Ma0057', '2021-10-04', 13),('Ma0058', '2021-10-06', 16),('Ma0059', '2021-10-05', 16),('Ma0060', '2021-10-04', 14),('Ma0061', '2021-10-05', 13),('Ma0062', '2021-10-04', 8),('Ma0063', '2021-10-04', 9),('Ma0064', '2021-10-05', 9),('Ma0065', '2021-10-06', 11),('Ma0066', '2021-10-05', 8),('Ma0067', '2021-10-05', 10),('Ma0068', '2021-10-06', 10),('Ma0069', '2021-10-06', 12),('Ma0070', '2021-10-05', 12),('Ma0071', '2021-10-04', 16),('Ma0072', '2021-10-06', 14),('Ma0073', '2021-10-04', 16),('Ma0074', '2021-10-06', 12),('Ma0075', '2021-10-05', 16),('Ma0076', '2021-10-06', 12),('Ma0077', '2021-10-05', 13),('Ma0078', '2021-10-05', 9),('Ma0079', '2021-10-05', 9),('Ma0080', '2021-10-05', 10),('Ma0081', '2021-10-06', 12),('Ma0082', '2021-10-06', 9),('Ma0083', '2021-10-06', 14),('Ma0084', '2021-10-04', 12),('Ma0085', '2021-10-06', 11),('Ma0086', '2021-10-04', 13),('Ma0087', '2021-10-06', 8),('Ma0088', '2021-10-06', 13),('Ma0089', '2021-10-05', 15),('Ma0090', '2021-10-06', 13),('Ma0091', '2021-10-04', 11),('Ma0092', '2021-10-06', 12),('Ma0093', '2021-10-05', 14),('Ma0094', '2021-10-06', 11),('Ma0095', '2021-10-05', 8),('Ma0096', '2021-10-04', 9),('Ma0097', '2021-10-05', 15),('Ma0098', '2021-10-06', 8),('Ma0099', '2021-10-05', 10),('Ma0100', '2021-10-05', 10),('Ma0101', '2021-10-04', 11),('Ma0102', '2021-10-05', 16),('Ma0103', '2021-10-04', 8),('Ma0104', '2021-10-04', 13),('Ma0105', '2021-10-05', 9),('Ma0106', '2021-10-04', 11),('Ma0107', '2021-10-06', 12),('Ma0108', '2021-10-06', 10),('Ma0109', '2021-10-04', 13),('Ma0110', '2021-10-04', 8),('Ma0111', '2021-10-06', 13),('Ma0112', '2021-10-04', 12),('Ma0113', '2021-10-05', 12),('Ma0114', '2021-10-06', 12),('Ma0115', '2021-10-06', 16),('Ma0116', '2021-10-06', 9),('Ma0117', '2021-10-04', 10),('Ma0118', '2021-10-06', 12),('Ma0119', '2021-10-05', 15),('Ma0120', '2021-10-06', 8),('Ma0121', '2021-10-06', 14),('Ma0122', '2021-10-06', 16),('Ma0123', '2021-10-06', 16),('Ma0124', '2021-10-06', 8),('Ma0125', '2021-10-05', 10),('Ma0126', '2021-10-04', 15),('Ma0127', '2021-10-04', 10),('Ma0128', '2021-10-04', 12),('Ma0129', '2021-10-05', 12),('Ma0130', '2021-10-06', 15),('Ma0131', '2021-10-04', 13),('Ma0132', '2021-10-04', 11),('Ma0133', '2021-10-05', 10),('Ma0134', '2021-10-06', 10),('Ma0135', '2021-10-04', 10),('Ma0136', '2021-10-05', 11),('Ma0137', '2021-10-05', 8),('Ma0138', '2021-10-05', 11),('Ma0139', '2021-10-06', 10),('Ma0140', '2021-10-05', 9),('Ma0141', '2021-10-06', 11),('Ma0142', '2021-10-04', 14),('Ma0143', '2021-10-06', 13),('Ma0144', '2021-10-06', 10),('Ma0145', '2021-10-04', 13),('Ma0146', '2021-10-06', 9),('Ma0147', '2021-10-04', 10),('Ma0148', '2021-10-05', 8),('Ma0149', '2021-10-05', 12),('Ma0150', '2021-10-05', 10),('Ma0151', '2021-10-06', 13),('Ma0152', '2021-10-04', 13),('Ma0153', '2021-10-06', 8),('Ma0154', '2021-10-05', 10),('Ma0155', '2021-10-04', 15),('Ma0156', '2021-10-05', 8),('Ma0157', '2021-10-04', 11),('Ma0158', '2021-10-06', 8),('Ma0159', '2021-10-06', 12),('Ma0160', '2021-10-04', 10),('Ma0161', '2021-10-06', 9),('Ma0162', '2021-10-04', 10),('Ma0163', '2021-10-05', 15),('Ma0164', '2021-10-04', 12),('Ma0165', '2021-10-06', 12),('Ma0166', '2021-10-04', 11),('Ma0167', '2021-10-06', 16),('Ma0168', '2021-10-05', 15),('Ma0169', '2021-10-05', 9),('Ma0170', '2021-10-06', 11),('Ma0171', '2021-10-06', 9),('Ma0172', '2021-10-06', 12),('Ma0173', '2021-10-06', 13),('Ma0174', '2021-10-05', 15),('Ma0175', '2021-10-05', 13),('Ma0176', '2021-10-05', 13),('Ma0177', '2021-10-06', 10),('Ma0178', '2021-10-05', 9),('Ma0179', '2021-10-06', 8),('Ma0180', '2021-10-04', 15),('Ma0181', '2021-10-05', 9),('Ma0182', '2021-10-04', 11),('Ma0183', '2021-10-06', 16),('Ma0184', '2021-10-04', 9),('Ma0185', '2021-10-05', 12),('Ma0186', '2021-10-06', 15),('Ma0187', '2021-10-06', 15),('Ma0188', '2021-10-05', 16),('Ma0189', '2021-10-06', 16),('Ma0190', '2021-10-04', 16),('Ma0191', '2021-10-06', 13),('Ma0192', '2021-10-04', 9),('Ma0193', '2021-10-06', 11),('Ma0194', '2021-10-05', 8),('Ma0195', '2021-10-05', 11),('Ma0196', '2021-10-05', 8),('Ma0197', '2021-10-04', 16),('Ma0198', '2021-10-06', 9),('Ma0199', '2021-10-05', 11),('Ma0200', '2021-10-05', 16),('Ma0201', '2021-10-05', 15),('Ma0202', '2021-10-04', 16),('Ma0203', '2021-10-05', 8),('Ma0204', '2021-10-04', 10),('Ma0205', '2021-10-05', 9),('Ma0206', '2021-10-06', 8),('Ma0207', '2021-10-06', 14),('Ma0208', '2021-10-04', 11),('Ma0209', '2021-10-04', 8),('Ma0210', '2021-10-06', 9),('Ma0211', '2021-10-06', 12),('Ma0212', '2021-10-04', 8),('Ma0213', '2021-10-05', 16),('Ma0214', '2021-10-04', 8),('Ma0215', '2021-10-04', 11),('Ma0216', '2021-10-06', 16),('Ma0217', '2021-10-04', 10),('Ma0218', '2021-10-06', 14),('Ma0219', '2021-10-04', 13),('Ma0220', '2021-10-05', 10),('Ma0221', '2021-10-05', 11),('Ma0222', '2021-10-06', 11),('Ma0223', '2021-10-06', 15),('Ma0224', '2021-10-04', 11),('Ma0225', '2021-10-04', 15),('Ma0226', '2021-10-06', 16),('Ma0227', '2021-10-06', 13),('Ma0228', '2021-10-06', 11),('Ma0229', '2021-10-06', 13),('Ma0230', '2021-10-05', 9),('Ma0231', '2021-10-04', 12),('Ma0232', '2021-10-04', 9),('Ma0233', '2021-10-04', 12),('Ma0234', '2021-10-04', 15),
('Ma0235', '2021-10-04', 11),('Ma0236', '2021-10-06', 8),('Ma0237', '2021-10-05', 16),('Ma0238', '2021-10-06', 16),('Ma0239', '2021-10-04', 10),('Ma0240', '2021-10-04', 9),('Ma0241', '2021-10-04', 14),('Ma0242', '2021-10-05', 12),('Ma0243', '2021-10-04', 11),('Ma0244', '2021-10-04', 9),('Ma0245', '2021-10-04', 16),('Ma0246', '2021-10-06', 15),('Ma0247', '2021-10-04', 8),('Ma0248', '2021-10-04', 10),('Ma0249', '2021-10-06', 14),('Ma0250', '2021-10-04', 13),('Ma0251', '2021-10-05', 14),('Ma0252', '2021-10-04', 14),('Ma0253', '2021-10-06', 10),('Ma0254', '2021-10-05', 12),('Ma0255', '2021-10-06', 8),('Ma0256', '2021-10-05', 11),('Ma0257', '2021-10-04', 13),('Ma0258', '2021-10-06', 14),('Ma0259', '2021-10-05', 8),('Ma0260', '2021-10-06', 9),('Ma0261', '2021-10-06', 13),('Ma0262', '2021-10-04', 12),('Ma0263', '2021-10-06', 16),('Ma0264', '2021-10-05', 16),('Ma0265', '2021-10-06', 12),('Ma0266', '2021-10-05', 9),('Ma0267', '2021-10-06', 11),('Ma0268', '2021-10-05', 8),('Ma0269', '2021-10-04', 11),('Ma0270', '2021-10-04', 8),('Ma0271', '2021-10-06', 13),('Ma0272', '2021-10-06', 10),('Ma0273', '2021-10-06', 10),('Ma0274', '2021-10-04', 15),('Ma0275', '2021-10-04', 13),('Ma0276', '2021-10-04', 11),('Ma0277', '2021-10-04', 15),('Ma0278', '2021-10-04', 9),('Ma0279', '2021-10-06', 15),('Ma0280', '2021-10-04', 8),('Ma0281', '2021-10-04', 13),('Ma0282', '2021-10-06', 10),('Ma0283', '2021-10-05', 15),('Ma0284', '2021-10-04', 11),('Ma0285', '2021-10-06', 12),('Ma0286', '2021-10-05', 15),('Ma0287', '2021-10-05', 12),('Ma0288', '2021-10-04', 9),('Ma0289', '2021-10-04', 8),('Ma0290', '2021-10-06', 15),('Ma0291', '2021-10-04', 10),('Ma0292', '2021-10-05', 14),('Ma0293', '2021-10-04', 8),('Ma0294', '2021-10-06', 8),('Ma0295', '2021-10-04', 9),('Ma0296', '2021-10-04', 16),('Ma0297', '2021-10-05', 10),('Ma0298', '2021-10-05', 15),('Ma0299', '2021-10-06', 15),('Ma0300', '2021-10-04', 11),('Ma0301', '2021-10-05', 11),('Ma0302', '2021-10-06', 14),('Ma0303', '2021-10-05', 11),('Ma0304', '2021-10-05', 11),('Ma0305', '2021-10-04', 12),('Ma0306', '2021-10-05', 10),('Ma0307', '2021-10-04', 11),('Ma0308', '2021-10-06', 8),('Ma0309', '2021-10-04', 8),('Ma0310', '2021-10-06', 14),('Ma0311', '2021-10-06', 10),('Ma0312', '2021-10-05', 14),('Ma0313', '2021-10-05', 15),('Ma0314', '2021-10-06', 11),('Ma0315', '2021-10-05', 15),('Ma0316', '2021-10-05', 16),('Ma0317', '2021-10-04', 12),('Ma0318', '2021-10-06', 11),('Ma0319', '2021-10-04', 14),('Ma0320', '2021-10-06', 12),('Ma0321', '2021-10-04', 16),('Ma0322', '2021-10-06', 13),('Ma0323', '2021-10-05', 9),('Ma0324', '2021-10-06', 13),('Ma0325', '2021-10-06', 14),('Ma0326', '2021-10-06', 9),('Ma0327', '2021-10-04', 8),('Ma0328', '2021-10-06', 15),('Ma0329', '2021-10-05', 12),('Ma0330', '2021-10-04', 12),('Ma0331', '2021-10-04', 16),('Ma0332', '2021-10-05', 16),('Ma0333', '2021-10-04', 11),('Ma0334', '2021-10-04', 15),('Ma0335', '2021-10-04', 9),('Ma0336', '2021-10-06', 9),('Ma0337', '2021-10-06', 10),('Ma0338', '2021-10-06', 8),('Ma0339', '2021-10-04', 10),('Ma0340', '2021-10-04', 13),('Ma0341', '2021-10-05', 15),('Ma0342', '2021-10-04', 13),('Ma0343', '2021-10-05', 8),('Ma0344', '2021-10-05', 16),('Ma0345', '2021-10-06', 9),('Ma0346', '2021-10-06', 12),('Ma0347', '2021-10-05', 9),('Ma0348', '2021-10-05', 14),('Ma0349', '2021-10-06', 13),('Ma0350', '2021-10-05', 11),('Ma0351', '2021-10-04', 9),('Ma0352', '2021-10-06', 14),('Ma0353', '2021-10-04', 8),('Ma0354', '2021-10-04', 9),('Ma0355', '2021-10-04', 13),('Ma0356', '2021-10-05', 15),('Ma0357', '2021-10-05', 11),('Ma0358', '2021-10-06', 16),('Ma0359', '2021-10-04', 11),('Ma0360', '2021-10-04', 8),('Ma0361', '2021-10-05', 11),('Ma0362', '2021-10-06', 9),('Ma0363', '2021-10-06', 8),('Ma0364', '2021-10-06', 12),('Ma0365', '2021-10-04', 16),('Ma0366', '2021-10-05', 16),('Ma0367', '2021-10-06', 14),('Ma0368', '2021-10-05', 10),('Ma0369', '2021-10-04', 14),('Ma0370', '2021-10-06', 16),('Ma0371', '2021-10-04', 15),('Ma0372', '2021-10-04', 12),('Ma0373', '2021-10-06', 15),('Ma0374', '2021-10-06', 16),('Ma0375', '2021-10-06', 15),('Ma0376', '2021-10-05', 12),('Ma0377', '2021-10-04', 10),('Ma0378', '2021-10-05', 15),('Ma0379', '2021-10-06', 16),('Ma0380', '2021-10-04', 15),('Ma0381', '2021-10-05', 12),('Ma0382', '2021-10-05', 16),('Ma0383', '2021-10-06', 16),('Ma0384', '2021-10-06', 13),('Ma0385', '2021-10-06', 8),('Ma0386', '2021-10-06', 11),('Ma0387', '2021-10-06', 10),('Ma0388', '2021-10-06', 14),('Ma0389', '2021-10-06', 16),('Ma0390', '2021-10-06', 13),('Ma0391', '2021-10-06', 14),('Ma0392', '2021-10-04', 16),('Ma0393', '2021-10-05', 16),('Ma0394', '2021-10-04', 12),('Ma0395', '2021-10-06', 8),('Ma0396', '2021-10-06', 8),('Ma0397', '2021-10-06', 15),('Ma0398', '2021-10-05', 12),('Ma0399', '2021-10-04', 8),('Ma0400', '2021-10-05', 13),('Ma0401', '2021-10-06', 10),('Ma0402', '2021-10-04', 13),('Ma0403', '2021-10-05', 8),('Ma0404', '2021-10-04', 16),('Ma0405', '2021-10-06', 11),('Ma0406', '2021-10-04', 8),('Ma0407', '2021-10-05', 14),('Ma0408', '2021-10-06', 12),('Ma0409', '2021-10-06', 13),('Ma0410', '2021-10-06', 12),('Ma0411', '2021-10-06', 12),('Ma0412', '2021-10-05', 13),('Ma0413', '2021-10-06', 15),('Ma0414', '2021-10-05', 8),('Ma0415', '2021-10-06', 9),('Ma0416', '2021-10-04', 11),('Ma0417', '2021-10-06', 16),('Ma0418', '2021-10-05', 11),('Ma0419', '2021-10-05', 10),('Ma0420', '2021-10-04', 11),('Ma0421', '2021-10-06', 10),('Ma0422', '2021-10-06', 16),('Ma0423', '2021-10-05', 16),('Ma0424', '2021-10-04', 8),('Ma0425', '2021-10-04', 11),('Ma0426', '2021-10-06', 12),('Ma0427', '2021-10-06', 10),('Ma0428', '2021-10-05', 9),('Ma0429', '2021-10-06', 12),('Ma0430', '2021-10-05', 12),('Ma0431', '2021-10-04', 8),('Ma0432', '2021-10-05', 11),('Ma0433', '2021-10-06', 8),('Ma0434', '2021-10-05', 8),('Ma0435', '2021-10-06', 12),('Ma0436', '2021-10-04', 12),('Ma0437', '2021-10-06', 13),('Ma0438', '2021-10-06', 11),('Ma0439', '2021-10-04', 8),('Ma0440', '2021-10-06', 9),('Ma0441', '2021-10-05', 12),('Ma0442', '2021-10-06', 14),('Ma0443', '2021-10-06', 11),('Ma0444', '2021-10-05', 15),('Ma0445', '2021-10-06', 13),('Ma0446', '2021-10-05', 14),('Ma0447', '2021-10-04', 13),('Ma0448', '2021-10-06', 11),('Ma0449', '2021-10-05', 12),('Ma0450', '2021-10-05', 15),('Ma0451', '2021-10-05', 13),('Ma0452', '2021-10-04', 14),('Ma0453', '2021-10-05', 15),('Ma0454', '2021-10-04', 10),('Ma0455', '2021-10-06', 8),('Ma0456', '2021-10-04', 15),('Ma0457', '2021-10-04', 10),('Ma0458', '2021-10-05', 12),('Ma0459', '2021-10-06', 10),('Ma0460', '2021-10-05', 11),('Ma0461', '2021-10-04', 16),('Ma0462', '2021-10-05', 15),('Ma0463', '2021-10-05', 12),('Ma0464', '2021-10-04', 8),('Ma0465', '2021-10-05', 15),('Ma0466', '2021-10-06', 9),('Ma0467', '2021-10-05', 10),('Ma0468', '2021-10-06', 12),('Ma0469', '2021-10-06', 9),('Ma0470', '2021-10-06', 8),('Ma0471', '2021-10-05', 10),('Ma0472', '2021-10-06', 9),('Ma0473', '2021-10-05', 11),('Ma0474', '2021-10-04', 13),('Ma0475', '2021-10-06', 16),('Ma0476', '2021-10-05', 15),('Ma0477', '2021-10-05', 15),('Ma0478', '2021-10-04', 9),('Ma0479', '2021-10-06', 11),('Ma0480', '2021-10-04', 15),('Ma0481', '2021-10-05', 8),('Ma0482', '2021-10-04', 16),('Ma0483', '2021-10-05', 13),('Ma0484', '2021-10-05', 12),('Ma0485', '2021-10-05', 14),('Ma0486', '2021-10-06', 8),('Ma0487', '2021-10-06', 14),('Ma0488', '2021-10-04', 10),('Ma0489', '2021-10-05', 11),('Ma0490', '2021-10-06', 13),('Ma0491', '2021-10-04', 10),('Ma0492', '2021-10-04', 15),('Ma0493', '2021-10-04', 11),('Ma0494', '2021-10-05', 12),('Ma0495', '2021-10-04', 8),('Ma0496', '2021-10-06', 12),('Ma0497', '2021-10-05', 14),('Ma0498', '2021-10-04', 14),('Ma0499', '2021-10-05', 12),('Ma0500', '2021-10-05', 16),('Ma0001', '2021-10-01', 9),('Ma0002', '2021-10-02', 14),('Ma0003', '2021-10-01', 9),('Ma0004', '2021-10-02', 10),('Ma0005', '2021-10-01', 13),('Ma0006', '2021-10-01', 12),('Ma0007', '2021-10-02', 14),('Ma0008', '2021-10-02', 12),('Ma0009', '2021-10-02', 11),('Ma0010', '2021-10-01', 12),('Ma0011', '2021-10-01', 16),('Ma0012', '2021-10-01', 11),('Ma0013', '2021-10-01', 10),('Ma0014', '2021-10-01', 15),('Ma0015', '2021-10-02', 10),('Ma0016', '2021-10-02', 11),('Ma0017', '2021-10-02', 15),('Ma0018', '2021-10-02', 8),('Ma0019', '2021-10-02', 10),('Ma0020', '2021-10-02', 8),('Ma0021', '2021-10-02', 16),('Ma0022', '2021-10-01', 11),('Ma0023', '2021-10-02', 9),('Ma0024', '2021-10-02', 12),('Ma0025', '2021-10-01', 8),('Ma0026', '2021-10-01', 10),('Ma0027', '2021-10-02', 16),('Ma0028', '2021-10-01', 14),('Ma0029', '2021-10-01', 14),('Ma0030', '2021-10-01', 14),('Ma0031', '2021-10-01', 9),('Ma0032', '2021-10-01', 15),('Ma0033', '2021-10-02', 10),('Ma0034', '2021-10-02', 10),('Ma0035', '2021-10-02', 8),('Ma0036', '2021-10-02', 12),('Ma0037', '2021-10-01', 15),('Ma0038', '2021-10-02', 14),('Ma0039', '2021-10-02', 11),('Ma0040', '2021-10-01', 12),('Ma0041', '2021-10-02', 13),('Ma0042', '2021-10-01', 8),('Ma0043', '2021-10-01', 14),('Ma0044', '2021-10-01', 13),('Ma0045', '2021-10-01', 11),('Ma0046', '2021-10-01', 11),('Ma0047', '2021-10-01', 9),('Ma0048', '2021-10-01', 8),('Ma0049', '2021-10-02', 9),('Ma0050', '2021-10-01', 9),('Ma0051', '2021-10-02', 15),('Ma0052', '2021-10-02', 10),('Ma0053', '2021-10-01', 16),('Ma0054', '2021-10-01', 10),('Ma0055', '2021-10-01', 9),('Ma0056', '2021-10-01', 8),('Ma0057', '2021-10-01', 9),('Ma0058', '2021-10-01', 8),('Ma0059', '2021-10-02', 9),('Ma0060', '2021-10-02', 13),('Ma0061', '2021-10-01', 16),('Ma0062', '2021-10-02', 15),('Ma0063', '2021-10-02', 12),('Ma0064', '2021-10-02', 12),('Ma0065', '2021-10-01', 13),('Ma0066', '2021-10-02', 11),('Ma0067', '2021-10-02', 12),('Ma0068', '2021-10-01', 10),('Ma0069', '2021-10-02', 9),('Ma0070', '2021-10-02', 16),('Ma0071', '2021-10-01', 10),('Ma0072', '2021-10-02', 9),('Ma0073', '2021-10-01', 8),('Ma0074', '2021-10-02', 12),('Ma0075', '2021-10-01', 16),('Ma0076', '2021-10-02', 13),('Ma0077', '2021-10-02', 11),('Ma0078', '2021-10-02', 10),('Ma0079', '2021-10-02', 10),('Ma0080', '2021-10-02', 10),('Ma0081', '2021-10-01', 13),
('Ma0082', '2021-10-01', 13),('Ma0083', '2021-10-02', 16),('Ma0084', '2021-10-02', 9),('Ma0085', '2021-10-01', 11),('Ma0086', '2021-10-01', 13),('Ma0087', '2021-10-01', 15),('Ma0088', '2021-10-01', 16),('Ma0089', '2021-10-02', 11),('Ma0090', '2021-10-02', 15),('Ma0091', '2021-10-01', 15),('Ma0092', '2021-10-01', 15),('Ma0093', '2021-10-01', 11),('Ma0094', '2021-10-02', 10),('Ma0095', '2021-10-02', 13),('Ma0096', '2021-10-02', 10),('Ma0097', '2021-10-01', 9),('Ma0098', '2021-10-02', 13),('Ma0099', '2021-10-01', 16),('Ma0100', '2021-10-01', 15),('Ma0101', '2021-10-02', 16),('Ma0102', '2021-10-01', 10),('Ma0103', '2021-10-01', 8),('Ma0104', '2021-10-02', 10),('Ma0105', '2021-10-02', 11),('Ma0106', '2021-10-02', 8),('Ma0107', '2021-10-01', 16),('Ma0108', '2021-10-02', 10),('Ma0109', '2021-10-01', 15),('Ma0110', '2021-10-02', 8),('Ma0111', '2021-10-02', 10),('Ma0112', '2021-10-02', 14),('Ma0113', '2021-10-02', 16),('Ma0114', '2021-10-02', 12),('Ma0115', '2021-10-01', 16),('Ma0116', '2021-10-02', 14),('Ma0117', '2021-10-01', 15),('Ma0118', '2021-10-02', 13),('Ma0119', '2021-10-02', 10),('Ma0120', '2021-10-02', 14),('Ma0121', '2021-10-02', 11),('Ma0122', '2021-10-01', 15),('Ma0123', '2021-10-01', 8),('Ma0124', '2021-10-01', 10),('Ma0125', '2021-10-01', 11),('Ma0126', '2021-10-01', 11),('Ma0127', '2021-10-01', 15),('Ma0128', '2021-10-02', 9),('Ma0129', '2021-10-01', 8),('Ma0130', '2021-10-02', 13),('Ma0131', '2021-10-01', 8),('Ma0132', '2021-10-02', 11),('Ma0133', '2021-10-02', 8),('Ma0134', '2021-10-02', 11),('Ma0135', '2021-10-02', 15),('Ma0136', '2021-10-02', 8),('Ma0137', '2021-10-02', 16),('Ma0138', '2021-10-01', 15),('Ma0139', '2021-10-01', 15),('Ma0140', '2021-10-02', 12),('Ma0141', '2021-10-02', 14),('Ma0142', '2021-10-02', 16),('Ma0143', '2021-10-02', 8),('Ma0144', '2021-10-02', 12),('Ma0145', '2021-10-02', 14),('Ma0146', '2021-10-01', 15),('Ma0147', '2021-10-01', 9),('Ma0148', '2021-10-01', 15),('Ma0149', '2021-10-02', 8),('Ma0150', '2021-10-02', 12),('Ma0151', '2021-10-01', 10),('Ma0152', '2021-10-02', 11),('Ma0153', '2021-10-02', 10),('Ma0154', '2021-10-01', 10),('Ma0155', '2021-10-02', 10),('Ma0156', '2021-10-02', 16),('Ma0157', '2021-10-02', 14),('Ma0158', '2021-10-01', 13),('Ma0159', '2021-10-02', 8),('Ma0160', '2021-10-01', 12),('Ma0161', '2021-10-02', 11),('Ma0162', '2021-10-01', 16),('Ma0163', '2021-10-02', 13),('Ma0164', '2021-10-01', 8),('Ma0165', '2021-10-01', 10),('Ma0166', '2021-10-02', 11),('Ma0167', '2021-10-02', 14),('Ma0168', '2021-10-02', 12),('Ma0169', '2021-10-01', 12),('Ma0170', '2021-10-02', 12),('Ma0171', '2021-10-01', 12),('Ma0172', '2021-10-01', 10),('Ma0173', '2021-10-02', 16),('Ma0174', '2021-10-01', 14),('Ma0175', '2021-10-02', 16),('Ma0176', '2021-10-01', 10),('Ma0177', '2021-10-01', 10),('Ma0178', '2021-10-02', 14),('Ma0179', '2021-10-02', 15),('Ma0180', '2021-10-01', 15),('Ma0181', '2021-10-02', 10),('Ma0182', '2021-10-02', 11),('Ma0183', '2021-10-01', 15),('Ma0184', '2021-10-01', 16),('Ma0185', '2021-10-02', 15),('Ma0186', '2021-10-01', 16),('Ma0187', '2021-10-02', 10),('Ma0188', '2021-10-01', 13),('Ma0189', '2021-10-01', 14),('Ma0190', '2021-10-01', 12),('Ma0191', '2021-10-02', 14),('Ma0192', '2021-10-02', 9),('Ma0193', '2021-10-01', 10),('Ma0194', '2021-10-02', 8),('Ma0195', '2021-10-02', 9),('Ma0196', '2021-10-02', 11),('Ma0197', '2021-10-02', 14),('Ma0198', '2021-10-02', 15),('Ma0199', '2021-10-01', 14),('Ma0200', '2021-10-01', 15),('Ma0201', '2021-10-01', 8),('Ma0202', '2021-10-02', 10),('Ma0203', '2021-10-01', 15),('Ma0204', '2021-10-02', 13),('Ma0205', '2021-10-01', 15),('Ma0206', '2021-10-01', 14),('Ma0207', '2021-10-02', 8),('Ma0208', '2021-10-02', 13),('Ma0209', '2021-10-01', 12),('Ma0210', '2021-10-02', 14),('Ma0211', '2021-10-02', 16),('Ma0212', '2021-10-01', 14),('Ma0213', '2021-10-01', 15),('Ma0214', '2021-10-01', 11),('Ma0215', '2021-10-01', 13),('Ma0216', '2021-10-01', 13),('Ma0217', '2021-10-01', 10),('Ma0218', '2021-10-02', 9),('Ma0219', '2021-10-02', 12),('Ma0220', '2021-10-01', 10),('Ma0221', '2021-10-02', 8),('Ma0222', '2021-10-01', 13),('Ma0223', '2021-10-01', 16),('Ma0224', '2021-10-02', 9),('Ma0225', '2021-10-01', 11),('Ma0226', '2021-10-01', 15),('Ma0227', '2021-10-01', 8),('Ma0228', '2021-10-02', 16),('Ma0229', '2021-10-02', 14),('Ma0230', '2021-10-01', 16),('Ma0231', '2021-10-02', 16),('Ma0232', '2021-10-02', 12),('Ma0233', '2021-10-01', 8),('Ma0234', '2021-10-02', 12),('Ma0235', '2021-10-02', 9),('Ma0236', '2021-10-01', 14),('Ma0237', '2021-10-01', 10),('Ma0238', '2021-10-02', 11),('Ma0239', '2021-10-01', 16),('Ma0240', '2021-10-02', 9),('Ma0241', '2021-10-01', 13),('Ma0242', '2021-10-01', 12),('Ma0243', '2021-10-02', 15),('Ma0244', '2021-10-01', 16),('Ma0245', '2021-10-02', 14),('Ma0246', '2021-10-01', 14),('Ma0247', '2021-10-01', 10),('Ma0248', '2021-10-02', 14),('Ma0249', '2021-10-01', 9),('Ma0250', '2021-10-02', 16),('Ma0251', '2021-10-01', 8),('Ma0252', '2021-10-02', 12),('Ma0253', '2021-10-02', 15),('Ma0254', '2021-10-01', 10),('Ma0255', '2021-10-02', 15),('Ma0256', '2021-10-01', 11),('Ma0257', '2021-10-01', 10),('Ma0258', '2021-10-02', 12),('Ma0259', '2021-10-01', 8),('Ma0260', '2021-10-02', 10),('Ma0261', '2021-10-02', 8),('Ma0262', '2021-10-01', 9),('Ma0263', '2021-10-02', 9),('Ma0264', '2021-10-01', 11),('Ma0265', '2021-10-02', 12),('Ma0266', '2021-10-01', 16),('Ma0267', '2021-10-02', 14),('Ma0268', '2021-10-01', 9),('Ma0269', '2021-10-01', 14),('Ma0270', '2021-10-02', 9),('Ma0271', '2021-10-01', 11),('Ma0272', '2021-10-02', 8),('Ma0273', '2021-10-02', 12),('Ma0274', '2021-10-01', 10),('Ma0275', '2021-10-01', 13),('Ma0276', '2021-10-02', 8),('Ma0277', '2021-10-01', 9),('Ma0278', '2021-10-02', 15),('Ma0279', '2021-10-02', 11),('Ma0280', '2021-10-01', 13),('Ma0281', '2021-10-02', 13),('Ma0282', '2021-10-01', 11),('Ma0283', '2021-10-01', 14),('Ma0284', '2021-10-02', 14),('Ma0285', '2021-10-02', 15),('Ma0286', '2021-10-02', 16),('Ma0287', '2021-10-02', 11),('Ma0288', '2021-10-02', 12),('Ma0289', '2021-10-01', 14),('Ma0290', '2021-10-01', 9),('Ma0291', '2021-10-02', 12),('Ma0292', '2021-10-01', 13),('Ma0293', '2021-10-02', 9),('Ma0294', '2021-10-01', 12),('Ma0295', '2021-10-02', 9),('Ma0296', '2021-10-02', 12),('Ma0297', '2021-10-02', 12),('Ma0298', '2021-10-01', 8),('Ma0299', '2021-10-01', 10),('Ma0300', '2021-10-01', 13),('Ma0301', '2021-10-02', 11),('Ma0302', '2021-10-02', 11),('Ma0303', '2021-10-01', 11),('Ma0304', '2021-10-01', 9),('Ma0305', '2021-10-02', 8),('Ma0306', '2021-10-01', 16),('Ma0307', '2021-10-02', 14),('Ma0308', '2021-10-01', 13),('Ma0309', '2021-10-02', 14),('Ma0310', '2021-10-01', 14),('Ma0311', '2021-10-01', 14),('Ma0312', '2021-10-02', 13),('Ma0313', '2021-10-01', 10),('Ma0314', '2021-10-02', 11),('Ma0315', '2021-10-02', 9),('Ma0316', '2021-10-02', 10),('Ma0317', '2021-10-01', 16),('Ma0318', '2021-10-01', 14),('Ma0319', '2021-10-01', 10),('Ma0320', '2021-10-02', 9),('Ma0321', '2021-10-01', 16),('Ma0322', '2021-10-02', 10),('Ma0323', '2021-10-01', 13),('Ma0324', '2021-10-01', 15),('Ma0325', '2021-10-02', 8),('Ma0326', '2021-10-02', 10),('Ma0327', '2021-10-01', 15),('Ma0328', '2021-10-02', 10),('Ma0329', '2021-10-02', 15),('Ma0330', '2021-10-02', 12),('Ma0331', '2021-10-01', 9),('Ma0332', '2021-10-01', 10),('Ma0333', '2021-10-01', 12),('Ma0334', '2021-10-02', 10),('Ma0335', '2021-10-01', 8),('Ma0336', '2021-10-01', 16),('Ma0337', '2021-10-01', 10),('Ma0338', '2021-10-02', 13),('Ma0339', '2021-10-02', 8),('Ma0340', '2021-10-01', 16),('Ma0341', '2021-10-02', 9),('Ma0342', '2021-10-01', 13),('Ma0343', '2021-10-02', 9),('Ma0344', '2021-10-01', 13),('Ma0345', '2021-10-02', 11),('Ma0346', '2021-10-02', 16),('Ma0347', '2021-10-02', 13),('Ma0348', '2021-10-02', 14),('Ma0349', '2021-10-02', 10),('Ma0350', '2021-10-01', 9),('Ma0351', '2021-10-01', 9),('Ma0352', '2021-10-02', 14),('Ma0353', '2021-10-02', 16),('Ma0354', '2021-10-01', 10),('Ma0355', '2021-10-02', 14),('Ma0356', '2021-10-02', 15),('Ma0357', '2021-10-01', 10),('Ma0358', '2021-10-01', 10),('Ma0359', '2021-10-01', 9),('Ma0360', '2021-10-01', 16),('Ma0361', '2021-10-02', 13),('Ma0362', '2021-10-02', 9),('Ma0363', '2021-10-01', 8),('Ma0364', '2021-10-02', 16),('Ma0365', '2021-10-02', 13),('Ma0366', '2021-10-02', 8),('Ma0367', '2021-10-01', 13),('Ma0368', '2021-10-02', 15),('Ma0369', '2021-10-01', 14),('Ma0370', '2021-10-02', 16),('Ma0371', '2021-10-02', 13),('Ma0372', '2021-10-01', 12),('Ma0373', '2021-10-01', 12),('Ma0374', '2021-10-01', 11),('Ma0375', '2021-10-01', 16),('Ma0376', '2021-10-02', 14),('Ma0377', '2021-10-01', 16),('Ma0378', '2021-10-01', 15),('Ma0379', '2021-10-02', 9),('Ma0380', '2021-10-01', 9),('Ma0381', '2021-10-01', 14),('Ma0382', '2021-10-02', 13),('Ma0383', '2021-10-02', 13),('Ma0384', '2021-10-02', 12),('Ma0385', '2021-10-01', 14),('Ma0386', '2021-10-02', 9),('Ma0387', '2021-10-02', 8),('Ma0388', '2021-10-01', 10),('Ma0389', '2021-10-01', 9),('Ma0390', '2021-10-01', 16),('Ma0391', '2021-10-02', 15),('Ma0392', '2021-10-02', 8),('Ma0393', '2021-10-02', 12),('Ma0394', '2021-10-01', 8),('Ma0395', '2021-10-02', 10),('Ma0396', '2021-10-02', 16),('Ma0397', '2021-10-01', 8),('Ma0398', '2021-10-01', 12),('Ma0399', '2021-10-02', 15),('Ma0400', '2021-10-02', 13),('Ma0401', '2021-10-02', 16),('Ma0402', '2021-10-01', 14),('Ma0403', '2021-10-02', 12),('Ma0404', '2021-10-01', 13),('Ma0405', '2021-10-01', 11),('Ma0406', '2021-10-02', 13),('Ma0407', '2021-10-01', 13),('Ma0408', '2021-10-01', 12),('Ma0409', '2021-10-02', 14),('Ma0410', '2021-10-02', 9),('Ma0411', '2021-10-01', 16),('Ma0412', '2021-10-02', 9),('Ma0413', '2021-10-02', 16),('Ma0414', '2021-10-01', 13),('Ma0415', '2021-10-01', 12),('Ma0416', '2021-10-02', 10),('Ma0417', '2021-10-01', 10),('Ma0418', '2021-10-01', 16),('Ma0419', '2021-10-01', 15),('Ma0420', '2021-10-02', 9),('Ma0421', '2021-10-01', 16),('Ma0422', '2021-10-01', 15),('Ma0423', '2021-10-01', 13),('Ma0424', '2021-10-02', 14),('Ma0425', '2021-10-02', 9),('Ma0426', '2021-10-01', 11),('Ma0427', '2021-10-01', 16),('Ma0428', '2021-10-02', 12),
('Ma0429', '2021-10-01', 12),('Ma0430', '2021-10-02', 14),('Ma0431', '2021-10-01', 15),('Ma0432', '2021-10-02', 15),('Ma0433', '2021-10-02', 14),('Ma0434', '2021-10-02', 14),('Ma0435', '2021-10-01', 13),('Ma0436', '2021-10-01', 15),('Ma0437', '2021-10-01', 14),('Ma0438', '2021-10-02', 8),('Ma0439', '2021-10-01', 16),('Ma0440', '2021-10-01', 14),('Ma0441', '2021-10-02', 11),('Ma0442', '2021-10-02', 13),('Ma0443', '2021-10-02', 8),('Ma0444', '2021-10-01', 8),('Ma0445', '2021-10-01', 15),('Ma0446', '2021-10-02', 10),('Ma0447', '2021-10-02', 11),('Ma0448', '2021-10-02', 15),('Ma0449', '2021-10-01', 14),('Ma0450', '2021-10-01', 8),('Ma0451', '2021-10-02', 14),('Ma0452', '2021-10-02', 10),('Ma0453', '2021-10-01', 8),('Ma0454', '2021-10-02', 16),('Ma0455', '2021-10-02', 8),('Ma0456', '2021-10-01', 14),('Ma0457', '2021-10-01', 10),('Ma0458', '2021-10-01', 14),('Ma0459', '2021-10-02', 16),('Ma0460', '2021-10-01', 11),('Ma0461', '2021-10-02', 16),('Ma0462', '2021-10-02', 11),('Ma0463', '2021-10-01', 16),('Ma0464', '2021-10-01', 9),('Ma0465', '2021-10-02', 13),('Ma0466', '2021-10-01', 10),('Ma0467', '2021-10-02', 11),('Ma0468', '2021-10-02', 12),('Ma0469', '2021-10-02', 11),('Ma0470', '2021-10-01', 11),('Ma0471', '2021-10-01', 16),('Ma0472', '2021-10-02', 11),('Ma0473', '2021-10-02', 8),('Ma0474', '2021-10-02', 9),('Ma0475', '2021-10-02', 9),('Ma0476', '2021-10-01', 15),('Ma0477', '2021-10-01', 9),('Ma0478', '2021-10-02', 14),('Ma0479', '2021-10-01', 16),('Ma0480', '2021-10-02', 15),('Ma0481', '2021-10-02', 13),('Ma0482', '2021-10-02', 9),('Ma0483', '2021-10-01', 9),('Ma0484', '2021-10-02', 8),('Ma0485', '2021-10-02', 14),('Ma0486', '2021-10-01', 12),('Ma0487', '2021-10-01', 12),('Ma0488', '2021-10-02', 11),('Ma0489', '2021-10-01', 15),('Ma0490', '2021-10-01', 16),('Ma0491', '2021-10-01', 11),('Ma0492', '2021-10-01', 8),('Ma0493', '2021-10-01', 14),('Ma0494', '2021-10-01', 13),('Ma0495', '2021-10-02', 14),('Ma0496', '2021-10-01', 10),('Ma0497', '2021-10-01', 12),('Ma0498', '2021-10-02', 13),('Ma0499', '2021-10-02', 8),('Ma0500', '2021-10-02', 11),('Ma0001', '2021-09-27', 11),('Ma0002', '2021-09-29', 14),('Ma0003', '2021-09-29', 8),('Ma0004', '2021-09-28', 15),('Ma0005', '2021-09-26', 10),('Ma0006', '2021-09-29', 14),('Ma0007', '2021-09-27', 16),('Ma0008', '2021-09-28', 15),('Ma0009', '2021-09-28', 11),('Ma0010', '2021-09-26', 8),('Ma0011', '2021-09-26', 12),('Ma0012', '2021-09-26', 16),('Ma0013', '2021-09-27', 13),('Ma0014', '2021-09-26', 13),('Ma0015', '2021-09-29', 13),('Ma0016', '2021-09-27', 11),('Ma0017', '2021-09-26', 10),('Ma0018', '2021-09-27', 12),('Ma0019', '2021-09-28', 14),('Ma0020', '2021-09-27', 8),('Ma0021', '2021-09-27', 15),('Ma0022', '2021-09-27', 10),('Ma0023', '2021-09-26', 8),('Ma0024', '2021-09-29', 13),('Ma0025', '2021-09-28', 16),('Ma0026', '2021-09-29', 12),('Ma0027', '2021-09-26', 15),('Ma0028', '2021-09-27', 15),('Ma0029', '2021-09-29', 11),('Ma0030', '2021-09-26', 13),('Ma0031', '2021-09-27', 12),('Ma0032', '2021-09-29', 9),('Ma0033', '2021-09-26', 12),('Ma0034', '2021-09-26', 10),('Ma0035', '2021-09-29', 8),('Ma0036', '2021-09-28', 8),('Ma0037', '2021-09-29', 14),('Ma0038', '2021-09-29', 8),('Ma0039', '2021-09-29', 13),('Ma0040', '2021-09-26', 8),('Ma0041', '2021-09-27', 10),('Ma0042', '2021-09-26', 8),('Ma0043', '2021-09-28', 15),('Ma0044', '2021-09-28', 14),('Ma0045', '2021-09-28', 13),('Ma0046', '2021-09-29', 8),('Ma0047', '2021-09-28', 16),('Ma0048', '2021-09-28', 8),('Ma0049', '2021-09-27', 8),('Ma0050', '2021-09-26', 15),('Ma0051', '2021-09-28', 13),('Ma0052', '2021-09-27', 11),('Ma0053', '2021-09-28', 16),('Ma0054', '2021-09-27', 10),('Ma0055', '2021-09-26', 10),('Ma0056', '2021-09-28', 9),('Ma0057', '2021-09-27', 13),('Ma0058', '2021-09-27', 14),('Ma0059', '2021-09-26', 15),('Ma0060', '2021-09-29', 11),('Ma0061', '2021-09-26', 10),('Ma0062', '2021-09-28', 10),('Ma0063', '2021-09-27', 9),('Ma0064', '2021-09-28', 10),('Ma0065', '2021-09-26', 15),('Ma0066', '2021-09-29', 12),('Ma0067', '2021-09-26', 11),('Ma0068', '2021-09-27', 15),('Ma0069', '2021-09-28', 12),('Ma0070', '2021-09-27', 13),('Ma0071', '2021-09-26', 10),('Ma0072', '2021-09-29', 14),('Ma0073', '2021-09-26', 9),('Ma0074', '2021-09-26', 9),('Ma0075', '2021-09-29', 14),('Ma0076', '2021-09-29', 8),('Ma0077', '2021-09-29', 16),('Ma0078', '2021-09-29', 9),('Ma0079', '2021-09-26', 13),('Ma0080', '2021-09-28', 13),('Ma0081', '2021-09-27', 9),('Ma0082', '2021-09-26', 13),('Ma0083', '2021-09-28', 15),('Ma0084', '2021-09-29', 12),('Ma0085', '2021-09-29', 9),('Ma0086', '2021-09-29', 11),('Ma0087', '2021-09-26', 14),('Ma0088', '2021-09-26', 9),('Ma0089', '2021-09-29', 16),('Ma0090', '2021-09-26', 12),('Ma0091', '2021-09-28', 9),('Ma0092', '2021-09-27', 10),('Ma0093', '2021-09-28', 10),('Ma0094', '2021-09-28', 11),('Ma0095', '2021-09-29', 9),('Ma0096', '2021-09-28', 13),('Ma0097', '2021-09-28', 12),('Ma0098', '2021-09-29', 14),('Ma0099', '2021-09-26', 8),('Ma0100', '2021-09-28', 13),('Ma0101', '2021-09-28', 12),('Ma0102', '2021-09-26', 14),('Ma0103', '2021-09-27', 16),('Ma0104', '2021-09-28', 15),('Ma0105', '2021-09-26', 9),('Ma0106', '2021-09-26', 9),('Ma0107', '2021-09-28', 12),('Ma0108', '2021-09-27', 13),('Ma0109', '2021-09-27', 16),('Ma0110', '2021-09-28', 8),('Ma0111', '2021-09-28', 8),('Ma0112', '2021-09-28', 9),('Ma0113', '2021-09-26', 14),('Ma0114', '2021-09-27', 12),('Ma0115', '2021-09-27', 8),('Ma0116', '2021-09-29', 12),('Ma0117', '2021-09-29', 16),('Ma0118', '2021-09-28', 9),('Ma0119', '2021-09-26', 15),('Ma0120', '2021-09-27', 15),('Ma0121', '2021-09-27', 11),('Ma0122', '2021-09-28', 11),('Ma0123', '2021-09-26', 8),('Ma0124', '2021-09-26', 15),('Ma0125', '2021-09-26', 11),('Ma0126', '2021-09-28', 9),('Ma0127', '2021-09-27', 15),('Ma0128', '2021-09-28', 13),('Ma0129', '2021-09-29', 14),('Ma0130', '2021-09-26', 16),('Ma0131', '2021-09-28', 15),('Ma0132', '2021-09-27', 9),('Ma0133', '2021-09-28', 14),('Ma0134', '2021-09-26', 15),('Ma0135', '2021-09-29', 10),('Ma0136', '2021-09-28', 14),('Ma0137', '2021-09-26', 14),('Ma0138', '2021-09-26', 14),('Ma0139', '2021-09-27', 10),('Ma0140', '2021-09-26', 10),('Ma0141', '2021-09-27', 11),('Ma0142', '2021-09-28', 8),('Ma0143', '2021-09-29', 8),('Ma0144', '2021-09-27', 8),('Ma0145', '2021-09-26', 16),('Ma0146', '2021-09-27', 16),('Ma0147', '2021-09-27', 9),('Ma0148', '2021-09-28', 10),('Ma0149', '2021-09-28', 8),('Ma0150', '2021-09-28', 9),('Ma0151', '2021-09-27', 16),('Ma0152', '2021-09-27', 13),('Ma0153', '2021-09-26', 13),('Ma0154', '2021-09-26', 13),('Ma0155', '2021-09-26', 15),('Ma0156', '2021-09-27', 16),('Ma0157', '2021-09-28', 14),('Ma0158', '2021-09-27', 9),('Ma0159', '2021-09-26', 8),('Ma0160', '2021-09-29', 13),('Ma0161', '2021-09-28', 8),('Ma0162', '2021-09-26', 9),('Ma0163', '2021-09-29', 15),('Ma0164', '2021-09-29', 13),('Ma0165', '2021-09-29', 9),('Ma0166', '2021-09-28', 16),('Ma0167', '2021-09-27', 16),('Ma0168', '2021-09-29', 14),('Ma0169', '2021-09-26', 11),('Ma0170', '2021-09-29', 9),('Ma0171', '2021-09-27', 13),('Ma0172', '2021-09-28', 13),('Ma0173', '2021-09-26', 9),('Ma0174', '2021-09-27', 14),('Ma0175', '2021-09-29', 15),('Ma0176', '2021-09-29', 13),('Ma0177', '2021-09-27', 12),('Ma0178', '2021-09-29', 14),('Ma0179', '2021-09-26', 8),('Ma0180', '2021-09-28', 16),('Ma0181', '2021-09-28', 13),('Ma0182', '2021-09-28', 11),('Ma0183', '2021-09-28', 11),('Ma0184', '2021-09-28', 14),('Ma0185', '2021-09-28', 15),('Ma0186', '2021-09-26', 10),('Ma0187', '2021-09-28', 14),('Ma0188', '2021-09-29', 10),('Ma0189', '2021-09-28', 10),('Ma0190', '2021-09-29', 12),('Ma0191', '2021-09-26', 10),('Ma0192', '2021-09-29', 16),('Ma0193', '2021-09-29', 10),('Ma0194', '2021-09-26', 10),('Ma0195', '2021-09-27', 9),('Ma0196', '2021-09-29', 15),('Ma0197', '2021-09-29', 12),('Ma0198', '2021-09-29', 10),('Ma0199', '2021-09-26', 10),('Ma0200', '2021-09-29', 15),('Ma0201', '2021-09-26', 9),('Ma0202', '2021-09-29', 9),('Ma0203', '2021-09-27', 8),('Ma0204', '2021-09-26', 9),('Ma0205', '2021-09-26', 16),('Ma0206', '2021-09-27', 16),('Ma0207', '2021-09-29', 12),('Ma0208', '2021-09-28', 8),('Ma0209', '2021-09-28', 10),('Ma0210', '2021-09-27', 9),('Ma0211', '2021-09-29', 16),('Ma0212', '2021-09-29', 15),('Ma0213', '2021-09-26', 10),('Ma0214', '2021-09-28', 13),('Ma0215', '2021-09-27', 9),('Ma0216', '2021-09-27', 13),('Ma0217', '2021-09-26', 8),('Ma0218', '2021-09-26', 15),('Ma0219', '2021-09-26', 10),('Ma0220', '2021-09-26', 11),('Ma0221', '2021-09-26', 16),('Ma0222', '2021-09-26', 14),('Ma0223', '2021-09-27', 9),('Ma0224', '2021-09-26', 8),('Ma0225', '2021-09-28', 15),('Ma0226', '2021-09-28', 10),('Ma0227', '2021-09-26', 16),('Ma0228', '2021-09-26', 15),('Ma0229', '2021-09-28', 16),('Ma0230', '2021-09-29', 11),('Ma0231', '2021-09-28', 13),('Ma0232', '2021-09-27', 13),('Ma0233', '2021-09-26', 8),('Ma0234', '2021-09-28', 16),('Ma0235', '2021-09-26', 11),('Ma0236', '2021-09-28', 11),('Ma0237', '2021-09-28', 12),('Ma0238', '2021-09-27', 16),('Ma0239', '2021-09-26', 11),('Ma0240', '2021-09-29', 15),('Ma0241', '2021-09-26', 10),('Ma0242', '2021-09-29', 11),('Ma0243', '2021-09-27', 16),('Ma0244', '2021-09-27', 8),('Ma0245', '2021-09-26', 13),('Ma0246', '2021-09-29', 13),('Ma0247', '2021-09-28', 8),('Ma0248', '2021-09-29', 11),('Ma0249', '2021-09-26', 15),('Ma0250', '2021-09-29', 16),('Ma0251', '2021-09-27', 13),('Ma0252', '2021-09-27', 9),('Ma0253', '2021-09-29', 15),('Ma0254', '2021-09-26', 10),('Ma0255', '2021-09-27', 14),('Ma0256', '2021-09-26', 13),('Ma0257', '2021-09-27', 16),('Ma0258', '2021-09-26', 14),('Ma0259', '2021-09-26', 15),('Ma0260', '2021-09-29', 13),('Ma0261', '2021-09-27', 11),('Ma0262', '2021-09-28', 16),('Ma0263', '2021-09-27', 13),('Ma0264', '2021-09-27', 8),('Ma0265', '2021-09-27', 14),('Ma0266', '2021-09-28', 8),('Ma0267', '2021-09-28', 8),('Ma0268', '2021-09-29', 9),('Ma0269', '2021-09-28', 11),('Ma0270', '2021-09-26', 16),('Ma0271', '2021-09-26', 10),('Ma0272', '2021-09-28', 14),('Ma0273', '2021-09-26', 9),('Ma0274', '2021-09-26', 10),('Ma0275', '2021-09-26', 11),
('Ma0193', '2021-10-12', 12),('Ma0276', '2021-09-27', 12),('Ma0277', '2021-09-27', 10),('Ma0278', '2021-09-26', 16),('Ma0279', '2021-09-28', 11),('Ma0280', '2021-09-28', 10),('Ma0281', '2021-09-27', 16),('Ma0282', '2021-09-28', 14),('Ma0283', '2021-09-26', 14),('Ma0284', '2021-09-27', 8),('Ma0285', '2021-09-26', 16),('Ma0286', '2021-09-26', 9),('Ma0287', '2021-09-29', 15),('Ma0288', '2021-09-29', 15),('Ma0289', '2021-09-28', 9),('Ma0290', '2021-09-26', 8),('Ma0291', '2021-09-29', 12),('Ma0292', '2021-09-28', 15),('Ma0293', '2021-09-28', 11),('Ma0294', '2021-09-26', 16),('Ma0295', '2021-09-27', 13),('Ma0296', '2021-09-26', 14),('Ma0297', '2021-09-28', 11),('Ma0298', '2021-09-26', 16),('Ma0299', '2021-09-28', 15),('Ma0300', '2021-09-26', 12),('Ma0301', '2021-09-28', 12),('Ma0302', '2021-09-27', 14),('Ma0303', '2021-09-29', 16),('Ma0304', '2021-09-27', 15),('Ma0305', '2021-09-26', 8),('Ma0306', '2021-09-29', 10),('Ma0307', '2021-09-26', 15),('Ma0308', '2021-09-26', 14),('Ma0309', '2021-09-28', 16),('Ma0310', '2021-09-26', 15),('Ma0311', '2021-09-29', 8),('Ma0312', '2021-09-27', 9),('Ma0313', '2021-09-27', 8),('Ma0314', '2021-09-29', 10),('Ma0315', '2021-09-27', 10),('Ma0316', '2021-09-29', 11),('Ma0317', '2021-09-29', 10),('Ma0318', '2021-09-26', 16),('Ma0319', '2021-09-27', 10),('Ma0320', '2021-09-29', 14),('Ma0321', '2021-09-28', 12),('Ma0322', '2021-09-27', 14),('Ma0323', '2021-09-29', 8),('Ma0324', '2021-09-27', 13),('Ma0325', '2021-09-26', 11),('Ma0326', '2021-09-29', 11),('Ma0327', '2021-09-26', 8),('Ma0328', '2021-09-27', 8),('Ma0329', '2021-09-27', 8),('Ma0330', '2021-09-29', 11),('Ma0331', '2021-09-29', 13),('Ma0332', '2021-09-28', 14),('Ma0333', '2021-09-27', 13),('Ma0334', '2021-09-27', 12),('Ma0335', '2021-09-29', 13),('Ma0336', '2021-09-29', 12),('Ma0337', '2021-09-27', 14),('Ma0338', '2021-09-27', 11),('Ma0339', '2021-09-26', 8),('Ma0340', '2021-09-28', 15),('Ma0341', '2021-09-29', 10),('Ma0342', '2021-09-27', 8),('Ma0343', '2021-09-29', 13),('Ma0344', '2021-09-28', 15),('Ma0345', '2021-09-27', 14),('Ma0346', '2021-09-26', 12),('Ma0347', '2021-09-26', 12),('Ma0348', '2021-09-27', 11),('Ma0349', '2021-09-28', 9),('Ma0350', '2021-09-28', 12),('Ma0351', '2021-09-29', 13),('Ma0352', '2021-09-27', 13),('Ma0353', '2021-09-26', 14),('Ma0354', '2021-09-29', 16),('Ma0355', '2021-09-29', 14),('Ma0356', '2021-09-28', 8),('Ma0357', '2021-09-29', 11),('Ma0358', '2021-09-28', 8),('Ma0359', '2021-09-28', 9),('Ma0360', '2021-09-27', 15),('Ma0361', '2021-09-27', 12),('Ma0362', '2021-09-29', 14),('Ma0363', '2021-09-26', 9),('Ma0364', '2021-09-26', 15),('Ma0365', '2021-09-26', 15),('Ma0366', '2021-09-29', 14),('Ma0367', '2021-09-27', 13),('Ma0368', '2021-09-28', 10),('Ma0369', '2021-09-29', 10),('Ma0370', '2021-09-26', 8),('Ma0371', '2021-09-29', 9),('Ma0372', '2021-09-27', 15),('Ma0373', '2021-09-27', 15),('Ma0374', '2021-09-26', 10),('Ma0375', '2021-09-27', 12),('Ma0376', '2021-09-28', 9),('Ma0377', '2021-09-29', 15),('Ma0378', '2021-09-26', 14),('Ma0379', '2021-09-28', 8),('Ma0380', '2021-09-28', 12),('Ma0381', '2021-09-26', 8),('Ma0382', '2021-09-27', 15),('Ma0383', '2021-09-28', 13),('Ma0384', '2021-09-26', 11),('Ma0385', '2021-09-27', 13),('Ma0386', '2021-09-27', 9),('Ma0387', '2021-09-28', 9),('Ma0388', '2021-09-27', 10),('Ma0389', '2021-09-28', 9),('Ma0390', '2021-09-28', 10),('Ma0391', '2021-09-28', 10),('Ma0392', '2021-09-26', 9),('Ma0393', '2021-09-26', 15),('Ma0394', '2021-09-27', 9),('Ma0395', '2021-09-28', 12),('Ma0396', '2021-09-26', 13),('Ma0397', '2021-09-29', 12),('Ma0398', '2021-09-29', 14),('Ma0399', '2021-09-29', 16),('Ma0400', '2021-09-27', 12),('Ma0401', '2021-09-28', 15),('Ma0402', '2021-09-26', 13),('Ma0403', '2021-09-27', 9),('Ma0404', '2021-09-29', 13),('Ma0405', '2021-09-28', 14),('Ma0406', '2021-09-29', 8),('Ma0407', '2021-09-29', 12),('Ma0408', '2021-09-27', 13),('Ma0409', '2021-09-26', 10),('Ma0410', '2021-09-29', 11),('Ma0411', '2021-09-26', 12),('Ma0412', '2021-09-29', 11),('Ma0413', '2021-09-26', 14),('Ma0414', '2021-09-26', 9),('Ma0415', '2021-09-29', 15),('Ma0416', '2021-09-28', 14),('Ma0417', '2021-09-28', 13),('Ma0418', '2021-09-29', 16),('Ma0419', '2021-09-28', 9),('Ma0420', '2021-09-26', 11),('Ma0421', '2021-09-26', 13),('Ma0422', '2021-09-28', 11),('Ma0423', '2021-09-29', 12),('Ma0424', '2021-09-27', 14),('Ma0425', '2021-09-27', 16),('Ma0426', '2021-09-29', 9),('Ma0427', '2021-09-26', 11),('Ma0428', '2021-09-29', 12),('Ma0429', '2021-09-29', 12),('Ma0430', '2021-09-26', 10),('Ma0431', '2021-09-27', 9),('Ma0432', '2021-09-26', 10),('Ma0433', '2021-09-26', 15),('Ma0434', '2021-09-29', 14),('Ma0435', '2021-09-26', 15),('Ma0436', '2021-09-28', 15),('Ma0437', '2021-09-27', 15),('Ma0438', '2021-09-26', 16),('Ma0439', '2021-09-28', 14),('Ma0440', '2021-09-28', 14),('Ma0441', '2021-09-28', 9),('Ma0442', '2021-09-28', 16),('Ma0443', '2021-09-27', 8),('Ma0444', '2021-09-27', 16),('Ma0445', '2021-09-28', 15),('Ma0446', '2021-09-29', 12),('Ma0447', '2021-09-26', 11),('Ma0448', '2021-09-28', 13),('Ma0449', '2021-09-27', 16),('Ma0450', '2021-09-27', 9),('Ma0451', '2021-09-29', 10),('Ma0452', '2021-09-29', 9),('Ma0453', '2021-09-28', 10),('Ma0454', '2021-09-28', 14),('Ma0455', '2021-09-26', 12),('Ma0456', '2021-09-27', 14),('Ma0457', '2021-09-29', 12),('Ma0458', '2021-09-29', 11),('Ma0459', '2021-09-27', 14),('Ma0460', '2021-09-27', 11),('Ma0461', '2021-09-27', 11),('Ma0462', '2021-09-27', 10),('Ma0463', '2021-09-26', 10),('Ma0464', '2021-09-29', 8),('Ma0465', '2021-09-29', 12),('Ma0466', '2021-09-28', 9),('Ma0467', '2021-09-27', 11),('Ma0468', '2021-09-27', 8),('Ma0469', '2021-09-27', 15),('Ma0470', '2021-09-28', 9),('Ma0471', '2021-09-28', 15),('Ma0472', '2021-09-27', 11),('Ma0473', '2021-09-26', 8),('Ma0474', '2021-09-28', 10),('Ma0475', '2021-09-29', 16),('Ma0476', '2021-09-28', 8),('Ma0477', '2021-09-27', 16),('Ma0478', '2021-09-28', 12),('Ma0479', '2021-09-29', 12),('Ma0480', '2021-09-27', 8),('Ma0481', '2021-09-27', 14),('Ma0482', '2021-09-26', 12),('Ma0483', '2021-09-28', 15),('Ma0484', '2021-09-26', 16),('Ma0485', '2021-09-27', 16),('Ma0486', '2021-09-26', 12),('Ma0487', '2021-09-28', 10),('Ma0488', '2021-09-29', 12),('Ma0489', '2021-09-27', 8),('Ma0490', '2021-09-27', 11),('Ma0491', '2021-09-27', 11),('Ma0492', '2021-09-26', 11),('Ma0493', '2021-09-26', 8),('Ma0494', '2021-09-27', 14),('Ma0495', '2021-09-29', 8),('Ma0496', '2021-09-29', 8),('Ma0497', '2021-09-28', 12),('Ma0498', '2021-09-28', 16),('Ma0499', '2021-09-29', 14),('Ma0500', '2021-09-26', 15);

/*!40000 ALTER TABLE `pompiers_dispos` ENABLE KEYS */;
UNLOCK TABLES;

--
-- Table structure for table `prerequis`
--

DROP TABLE IF EXISTS `prerequis`;
/*!40101 SET @saved_cs_client     = @@character_set_client */;
/*!40101 SET character_set_client = utf8 */;
CREATE TABLE `prerequis` (
  `CodeQualifConcerne` varchar(5) NOT NULL,
  `CodeQualifAAvoir` varchar(5) NOT NULL,
  PRIMARY KEY (`CodeQualifConcerne`,`CodeQualifAAvoir`),
  KEY `FK_Qualif4` (`CodeQualifAAvoir`),
  CONSTRAINT `FK_Qualif3` FOREIGN KEY (`CodeQualifConcerne`) REFERENCES `qualifications` (`CodeQualif`),
  CONSTRAINT `FK_Qualif4` FOREIGN KEY (`CodeQualifAAvoir`) REFERENCES `qualifications` (`CodeQualif`)
) ENGINE=InnoDB DEFAULT CHARSET=utf8mb4;
/*!40101 SET character_set_client = @saved_cs_client */;

--
-- Dumping data for table `prerequis`
--

LOCK TABLES `prerequis` WRITE;
/*!40000 ALTER TABLE `prerequis` DISABLE KEYS */;
INSERT INTO `prerequis` VALUES ('F1','S2'),('S2','S1');
/*!40000 ALTER TABLE `prerequis` ENABLE KEYS */;
UNLOCK TABLES;

--
-- Table structure for table `qualification_typevehicule`
--

DROP TABLE IF EXISTS `qualification_typevehicule`;
/*!40101 SET @saved_cs_client     = @@character_set_client */;
/*!40101 SET character_set_client = utf8 */;
CREATE TABLE `qualification_typevehicule` (
  `CodeTypeV` varchar(5) NOT NULL,
  `CodeQualif` varchar(5) NOT NULL,
  `Obligatoire` varchar(1) DEFAULT NULL,
  `Nb` int(11) DEFAULT NULL,
  PRIMARY KEY (`CodeTypeV`,`CodeQualif`),
  KEY `FK_Qualif2` (`CodeQualif`),
  CONSTRAINT `FK_Qualif2` FOREIGN KEY (`CodeQualif`) REFERENCES `qualifications` (`CodeQualif`),
  CONSTRAINT `FK_TypeV2` FOREIGN KEY (`CodeTypeV`) REFERENCES `typevehicules` (`CodeTypeV`)
) ENGINE=InnoDB DEFAULT CHARSET=utf8mb4;
/*!40101 SET character_set_client = @saved_cs_client */;

--
-- Dumping data for table `qualification_typevehicule`
--

LOCK TABLES `qualification_typevehicule` WRITE;
/*!40000 ALTER TABLE `qualification_typevehicule` DISABLE KEYS */;
INSERT INTO `qualification_typevehicule` VALUES ('FPT','F1','O',3),('FPT','S1','O',3),('FPT','S2','O',3),('VID','S1','N',0),('VSAB','F1','N',0),('VSAB','S2','O',2);
/*!40000 ALTER TABLE `qualification_typevehicule` ENABLE KEYS */;
UNLOCK TABLES;

--
-- Table structure for table `qualifications`
--

DROP TABLE IF EXISTS `qualifications`;
/*!40101 SET @saved_cs_client     = @@character_set_client */;
/*!40101 SET character_set_client = utf8 */;
CREATE TABLE `qualifications` (
  `CodeQualif` varchar(5) NOT NULL,
  `NomQualif` varchar(15) DEFAULT NULL,
  `validite` int(11) DEFAULT NULL,
  `duree` int(11) DEFAULT NULL,
  `prix` int(11) DEFAULT NULL,
  `NbParticipants` int(11) DEFAULT NULL,
  PRIMARY KEY (`CodeQualif`)
) ENGINE=InnoDB DEFAULT CHARSET=utf8mb4;
/*!40101 SET character_set_client = @saved_cs_client */;

--
-- Dumping data for table `qualifications`
--

LOCK TABLES `qualifications` WRITE;
/*!40000 ALTER TABLE `qualifications` DISABLE KEYS */;
INSERT INTO `qualifications` VALUES ('F1','FIA',5,7,150,45),('FO','Formateur',0,7,1500,10),('GC','Gd Cond',0,7,1500,10),('PC','Pt Cond',0,7,1500,10),('S1','AFPS',1,3,80,25),('S2','SE',2,15,150,30),('SM','Montagne',72,15,500,25);
/*!40000 ALTER TABLE `qualifications` ENABLE KEYS */;
UNLOCK TABLES;

--
-- Table structure for table `typecasernes`
--

DROP TABLE IF EXISTS `typecasernes`;
/*!40101 SET @saved_cs_client     = @@character_set_client */;
/*!40101 SET character_set_client = utf8 */;
CREATE TABLE `typecasernes` (
  `CodeTypeC` int(11) NOT NULL,
  `NomType` varchar(15) DEFAULT NULL,
  PRIMARY KEY (`CodeTypeC`)
) ENGINE=InnoDB DEFAULT CHARSET=utf8mb4;
/*!40101 SET character_set_client = @saved_cs_client */;

--
-- Dumping data for table `typecasernes`
--

LOCK TABLES `typecasernes` WRITE;
/*!40000 ALTER TABLE `typecasernes` DISABLE KEYS */;
INSERT INTO `typecasernes` VALUES (1,'Pro'),(2,'Mixte'),(3,'Volontaires');
insert into typecasernes (CodeTypeC, NomType) values (4, 'Thor');
insert into typecasernes (CodeTypeC, NomType) values (5, 'Zeuqs');
/*!40000 ALTER TABLE `typecasernes` ENABLE KEYS */;
UNLOCK TABLES;

--
-- Table structure for table `typevehicules`
--

DROP TABLE IF EXISTS `typevehicules`;
/*!40101 SET @saved_cs_client     = @@character_set_client */;
/*!40101 SET character_set_client = utf8 */;
CREATE TABLE `typevehicules` (
  `CodeTypeV` varchar(5) NOT NULL,
  `NomV` varchar(20) DEFAULT NULL,
  `NbMinPompiers` int(11) DEFAULT NULL,
  `KmRevision` int(11) DEFAULT NULL,
  PRIMARY KEY (`CodeTypeV`)
) ENGINE=InnoDB DEFAULT CHARSET=utf8mb4;
/*!40101 SET character_set_client = @saved_cs_client */;

--
-- Dumping data for table `typevehicules`
--

LOCK TABLES `typevehicules` WRITE;
/*!40000 ALTER TABLE `typevehicules` DISABLE KEYS */;
INSERT INTO `typevehicules` VALUES ('EPA','Grande echelle',4,30000),('FPT','Vehicule incendie',4,30000),('VID','Vehicule Inter',4,30000),('VSAB','Vehicule de secours',4,30000);
/*!40000 ALTER TABLE `typevehicules` ENABLE KEYS */;
UNLOCK TABLES;

--
-- Table structure for table `vehicule_intervention`
--

DROP TABLE IF EXISTS `vehicule_intervention`;
/*!40101 SET @saved_cs_client     = @@character_set_client */;
/*!40101 SET character_set_client = utf8 */;
CREATE TABLE `vehicule_intervention` (
  `NumCaserne` int(11) NOT NULL,
  `NumVehicule` int(11) NOT NULL,
  `DateInter` date NOT NULL,
  `NumInter` int(11) NOT NULL,
  `DureeService` int(11) DEFAULT NULL,
  PRIMARY KEY (`NumCaserne`,`NumVehicule`,`DateInter`,`NumInter`),
  KEY `FK_Inter2` (`DateInter`,`NumInter`),
  CONSTRAINT `FK_Inter2` FOREIGN KEY (`DateInter`, `NumInter`) REFERENCES `interventions` (`DateInter`, `NumInter`),
  CONSTRAINT `FK_Vehicules` FOREIGN KEY (`NumCaserne`, `NumVehicule`) REFERENCES `vehicules` (`NumCaserne`, `NumVehicule`)
) ENGINE=InnoDB DEFAULT CHARSET=utf8mb4;
/*!40101 SET character_set_client = @saved_cs_client */;

--
-- Dumping data for table `vehicule_intervention`
--

LOCK TABLES `vehicule_intervention` WRITE;
/*!40000 ALTER TABLE `vehicule_intervention` DISABLE KEYS */;
INSERT INTO `vehicule_intervention` VALUES (6,1,'2009-01-01',1,5),(6,2,'2009-01-01',1,5),(19,2,'2009-01-01',1,1);
/*!40000 ALTER TABLE `vehicule_intervention` ENABLE KEYS */;
UNLOCK TABLES;

--
-- Table structure for table `vehicules`
--

DROP TABLE IF EXISTS `vehicules`;
/*!40101 SET @saved_cs_client     = @@character_set_client */;
/*!40101 SET character_set_client = utf8 */;
CREATE TABLE `vehicules` (
  `NumCaserne` int(11) NOT NULL,
  `NumVehicule` int(11) NOT NULL,
  `DateAchat` date DEFAULT NULL,
  `NbKm` int(11) DEFAULT NULL,
  `KmDerniereRev` int(11) DEFAULT NULL,
  `CodeTypeV` varchar(5) DEFAULT NULL,
  PRIMARY KEY (`NumCaserne`,`NumVehicule`),
  KEY `FK_TypeV1` (`CodeTypeV`),
  CONSTRAINT `FK_TypeV1` FOREIGN KEY (`CodeTypeV`) REFERENCES `typevehicules` (`CodeTypeV`)
) ENGINE=InnoDB DEFAULT CHARSET=utf8mb4;
/*!40101 SET character_set_client = @saved_cs_client */;

--
-- Dumping data for table `vehicules`
--

LOCK TABLES `vehicules` WRITE;
/*!40000 ALTER TABLE `vehicules` DISABLE KEYS */;
INSERT INTO `vehicules` VALUES (6,1,'1998-01-01',80000,75000,'FPT'),(6,2,'1995-01-01',50000,45000,'VSAB'),(19,1,'1990-01-01',150000,125000,'VID'),(19,2,'2002-01-01',50000,45000,'VSAB'),(19,3,'2005-01-01',80000,75000,'FPT');
/*!40000 ALTER TABLE `vehicules` ENABLE KEYS */;
UNLOCK TABLES;


--
-- Table structure for table `role`
--

DROP TABLE IF EXISTS `role`;
/*!40101 SET @saved_cs_client     = @@character_set_client */;
/*!40101 SET character_set_client = utf8 */;
create table role (
    Id INT NOT NULL AUTO_INCREMENT,
    Role varchar(20),
    Permission binary(8),
    primary key (Id)
)ENGINE=InnoDB DEFAULT CHARSET=utf8mb4;
/*!40101 SET character_set_client = @saved_cs_client */;

--
-- Dumping data for table `role`
--

LOCK TABLES `role` WRITE;
/*!40000 ALTER TABLE `role` DISABLE KEYS */;
insert into role (Role, Permission) values ('Admin',"00011111");
insert into role (Role, Permission) values ('Responsable',"00001111");
insert into role (Role, Permission) values ('Utilisateur',"00000001");
/*!40000 ALTER TABLE `role` ENABLE KEYS */;
UNLOCK TABLES;


--
-- Table structure for table `user`
--

DROP TABLE IF EXISTS `user`;
/*!40101 SET @saved_cs_client     = @@character_set_client */;
/*!40101 SET character_set_client = utf8 */;
Create table user(
	Identifiant varchar(20) PRIMARY KEY NOT NULL,
	Prenom varchar(20),
	Nom varchar(20),
	IdRole int,
	password varchar(65),
	foreign key (IdRole) references role(Id)
)ENGINE=InnoDB DEFAULT CHARSET=utf8mb4;
/*!40101 SET character_set_client = @saved_cs_client */;

--
-- Dumping data for table `user`
--

LOCK TABLES `user` WRITE;
/*!40000 ALTER TABLE `user` DISABLE KEYS */;
insert into user (Identifiant, IdRole, Prenom, Nom, Password) values ('PDupond', 1, 'Paul', 'Dupond', '116fd3797ad35cb658e211b0a4489ca7614c51a028699dd1020f408767ae12a1');
insert into user (Identifiant, IdRole, Prenom, Nom, Password) values ('JMaurelle', 2, 'Jean', 'Maurelle', '069dc5ec79a138946d96ac4f03ead5a75dd7abccf2ff1ff9fe5036c53756bc0a');
insert into user (Identifiant, IdRole, Prenom, Nom, Password) values ('EYeager', 3, 'eren', 'yeager', '9599500373a5d2f5512097dc406b086231c1454f1f327c1c6febced3c9a025e0');
/*!40000 ALTER TABLE `user` ENABLE KEYS */;
UNLOCK TABLES;
